symbol,expiry,strike,option_type,underlying_price,last_price,bid,ask,mid_price,implied_volatility,open_interest,volume,timestamp,maturity,source
NIFTY,2026-06-02,19700.0,call,24000.0,4304.676121137526,4243.207802458161,4405.876665969659,4324.54223421391,0.22837876953543762,53237,245,2026-05-26 15:30:00,0.01643835616438356,synthetic_indian_market_not_live
NIFTY,2026-06-02,19700.0,put,24000.0,0.05,0.05,0.2500000174515565,0.15000000872577823,0.22837876953543762,93512,22583,2026-05-26 15:30:00,0.01643835616438356,synthetic_indian_market_not_live
NIFTY,2026-06-02,20200.0,call,24000.0,3828.57846900466,3760.4133434931505,3889.916925111414,3825.1651343022822,0.22077452357432104,26222,11455,2026-05-26 15:30:00,0.01643835616438356,synthetic_indian_market_not_live
NIFTY,2026-06-02,20200.0,put,24000.0,0.05,0.05,0.25000076073289945,0.15000038036644972,0.22077452357432104,4672,4567,2026-05-26 15:30:00,0.01643835616438356,synthetic_indian_market_not_live
NIFTY,2026-06-02,20750.0,call,24000.0,3261.3445963971626,3226.9973832720016,3324.703346855863,3275.8503650639323,0.21339149890279824,52528,4177,2026-05-26 15:30:00,0.01643835616438356,synthetic_indian_market_not_live
NIFTY,2026-06-02,20750.0,put,24000.0,0.06859683802346904,0.05,0.25004224278716985,0.15002112139358492,0.21339149890279824,114029,3783,2026-05-26 15:30:00,0.01643835616438356,synthetic_indian_market_not_live
NIFTY,2026-06-02,21300.0,call,24000.0,2750.4982211040683,2691.225916918003,2761.848723793141,2726.537320355572,0.2069645717072913,14310,4362,2026-05-26 15:30:00,0.01643835616438356,synthetic_indian_market_not_live
NIFTY,2026-06-02,21300.0,put,24000.0,0.12071140101657712,0.05,0.2518082548312856,0.1509041274156428,0.2069645717072913,44450,16790,2026-05-26 15:30:00,0.01643835616438356,synthetic_indian_market_not_live
NIFTY,2026-06-02,21850.0,call,24000.0,2172.5568854774565,2153.239200450219,2201.308918488444,2177.2740594693314,0.20142578278837253,6243,11207,2026-05-26 15:30:00,0.01643835616438356,synthetic_indian_market_not_live
NIFTY,2026-06-02,21850.0,put,24000.0,0.05,0.05,0.3033580889937042,0.1766790444968521,0.20142578278837253,89229,23085,2026-05-26 15:30:00,0.01643835616438356,synthetic_indian_market_not_live
NIFTY,2026-06-02,22400.0,call,24000.0,1629.5923181738287,1613.951319094187,1643.839810972051,1628.895565033119,0.1967131853599645,4996,20277,2026-05-26 15:30:00,0.01643835616438356,synthetic_indian_market_not_live
NIFTY,2026-06-02,22400.0,put,24000.0,0.9608493515218671,0.7396743731826234,1.2396743731826234,0.9896743731826234,0.1967131853599645,34558,19179,2026-05-26 15:30:00,0.01643835616438356,synthetic_indian_market_not_live
NIFTY,2026-06-02,22900.0,call,24000.0,1138.5510064132034,1128.895223634879,1145.999632521393,1137.447428078136,0.19309823976553991,85492,3522,2026-05-26 15:30:00,0.01643835616438356,synthetic_indian_market_not_live
NIFTY,2026-06-02,22900.0,put,24000.0,8.906803113841221,8.668638073113584,9.168638073113584,8.918638073113584,0.19309823976553991,79859,13330,2026-05-26 15:30:00,0.01643835616438356,synthetic_indian_market_not_live
NIFTY,2026-06-02,23450.0,call,24000.0,639.3052519410896,634.834489891054,642.1628586281337,638.4986742595938,0.18980982965659407,106292,14631,2026-05-26 15:30:00,0.01643835616438356,synthetic_indian_market_not_live
NIFTY,2026-06-02,23450.0,put,24000.0,59.31514947486631,58.9444749222522,59.624915027700695,59.284694974976446,0.18980982965659407,1155,12694,2026-05-26 15:30:00,0.01643835616438356,synthetic_indian_market_not_live
NIFTY,2026-06-02,24000.0,call,24000.0,263.7002339494636,262.23212495969074,264.338407087881,263.2852660237859,0.18719588923746108,110118,22348,2026-05-26 15:30:00,0.01643835616438356,synthetic_indian_market_not_live
NIFTY,2026-06-02,24000.0,put,24000.0,233.92166433544278,232.45255306973536,234.31964184941194,233.38609745957365,0.18719588923746108,118605,18375,2026-05-26 15:30:00,0.01643835616438356,synthetic_indian_market_not_live
NIFTY,2026-06-02,24550.0,call,24000.0,70.37835997115934,69.91242308431086,70.71390198207243,70.31316253319164,0.18521244917389698,107666,17763,2026-05-26 15:30:00,0.01643835616438356,synthetic_indian_market_not_live
NIFTY,2026-06-02,24550.0,put,24000.0,589.7369876585577,586.3677327696172,593.0898766091519,589.7288046893846,0.18521244917389698,86496,1086,2026-05-26 15:30:00,0.01643835616438356,synthetic_indian_market_not_live
NIFTY,2026-06-02,25100.0,call,24000.0,10.978586203474618,10.852974487397887,11.352974487397887,11.102974487397887,0.18381905046464608,16508,20074,2026-05-26 15:30:00,0.01643835616438356,synthetic_indian_market_not_live
NIFTY,2026-06-02,25100.0,put,24000.0,1082.7304337154687,1071.884718234715,1087.782136493262,1079.8334273639884,0.18381905046464608,46181,2455,2026-05-26 15:30:00,0.01643835616438356,synthetic_indian_market_not_live
NIFTY,2026-06-02,25600.0,call,24000.0,1.2770499078409447,1.020090703526023,1.520090703526023,1.270090703526023,0.18303290851454757,10497,152,2026-05-26 15:30:00,0.01643835616438356,synthetic_indian_market_not_live
NIFTY,2026-06-02,25600.0,put,24000.0,1564.758096495824,1555.5037352381946,1583.251553231869,1569.3776442350318,0.18303290851454757,48310,6580,2026-05-26 15:30:00,0.01643835616438356,synthetic_indian_market_not_live
NIFTY,2026-06-02,26150.0,call,24000.0,0.11199287156341661,0.05,0.3185704601400978,0.1842852300700489,0.18266481732518555,74936,3677,2026-05-26 15:30:00,0.01643835616438356,synthetic_indian_market_not_live
NIFTY,2026-06-02,26150.0,put,24000.0,2108.797207925954,2095.395653669286,2139.5862157548036,2117.4909347120447,0.18266481732518555,33161,23927,2026-05-26 15:30:00,0.01643835616438356,synthetic_indian_market_not_live
NIFTY,2026-06-02,26700.0,call,24000.0,0.06936340713508404,0.05,0.25220065793581803,0.151100328967909,0.1827860153166909,100211,13931,2026-05-26 15:30:00,0.01643835616438356,synthetic_indian_market_not_live
NIFTY,2026-06-02,26700.0,put,24000.0,2658.5406406433285,2634.749889754821,2698.7288615056677,2666.7393756302445,0.1827860153166909,54645,11788,2026-05-26 15:30:00,0.01643835616438356,synthetic_indian_market_not_live
NIFTY,2026-06-02,27250.0,call,24000.0,0.05,0.05,0.2500447884057444,0.1500223942028722,0.18336682696073758,114678,6502,2026-05-26 15:30:00,0.01643835616438356,synthetic_indian_market_not_live
NIFTY,2026-06-02,27250.0,put,24000.0,3231.057061431817,3172.5550013584366,3259.549059603792,3216.0520304811143,0.18336682696073758,72006,21472,2026-05-26 15:30:00,0.01643835616438356,synthetic_indian_market_not_live
NIFTY,2026-06-02,27800.0,call,24000.0,0.07437452244690532,0.05,0.25000062624662195,0.15000031312331097,0.18437974055642356,64899,16145,2026-05-26 15:30:00,0.01643835616438356,synthetic_indian_market_not_live
NIFTY,2026-06-02,27800.0,put,24000.0,3765.8796385474025,3708.7971904040896,3821.936403674641,3765.3667970393653,0.18437974055642356,25204,13532,2026-05-26 15:30:00,0.01643835616438356,synthetic_indian_market_not_live
NIFTY,2026-06-02,28300.0,call,24000.0,0.05,0.05,0.2500000100354923,0.15000000501774616,0.18565400942364058,12601,8288,2026-05-26 15:30:00,0.01643835616438356,synthetic_indian_market_not_live
NIFTY,2026-06-02,28300.0,put,24000.0,4283.833782282423,4194.970136295424,4334.517657860704,4264.743897078064,0.18565400942364058,44715,5643,2026-05-26 15:30:00,0.01643835616438356,synthetic_indian_market_not_live
NIFTY,2026-06-09,19700.0,call,24000.0,4346.418666995872,4267.25948093116,4430.8503966693925,4349.054938800276,0.2313594044509286,49838,12054,2026-05-26 15:30:00,0.03561643835616438,synthetic_indian_market_not_live
NIFTY,2026-06-09,19700.0,put,24000.0,0.103244122834812,0.05,0.25104509057818186,0.15052254528909093,0.2313594044509286,96633,19575,2026-05-26 15:30:00,0.03561643835616438,synthetic_indian_market_not_live
NIFTY,2026-06-09,20200.0,call,24000.0,3860.428389343355,3785.128728099246,3915.4834743462866,3850.3061012227663,0.223755158489812,76259,15759,2026-05-26 15:30:00,0.03561643835616438,synthetic_indian_market_not_live
NIFTY,2026-06-09,20200.0,put,24000.0,0.07770670059318244,0.05,0.25718483007706305,0.15359241503853152,0.223755158489812,67110,6755,2026-05-26 15:30:00,0.03561643835616438,synthetic_indian_market_not_live
NIFTY,2026-06-09,20750.0,call,24000.0,3279.3218237578258,3252.486462904133,3350.9641764433036,3301.7253196737183,0.2163721338182892,5624,8251,2026-05-26 15:30:00,0.03561643835616438,synthetic_indian_market_not_live
NIFTY,2026-06-09,20750.0,put,24000.0,0.17226860189774726,0.05,0.30687832974003104,0.17843916487001552,0.2163721338182892,70510,21975,2026-05-26 15:30:00,0.03561643835616438,synthetic_indian_market_not_live
NIFTY,2026-06-09,21300.0,call,24000.0,2759.824042513037,2717.781843949315,2789.1015280707416,2753.441686010028,0.20994520662278227,113369,2747,2026-05-26 15:30:00,0.03561643835616438,synthetic_indian_market_not_live
NIFTY,2026-06-09,21300.0,put,24000.0,0.5116783340168951,0.15371971476786683,0.6537197147678668,0.40371971476786683,0.20994520662278227,8685,3859,2026-05-26 15:30:00,0.03561643835616438,synthetic_indian_market_not_live
NIFTY,2026-06-09,21850.0,call,24000.0,2217.2829475971103,2182.4867546004357,2231.2094059871774,2206.8480802938066,0.2044064177038635,50140,17610,2026-05-26 15:30:00,0.03561643835616438,synthetic_indian_market_not_live
NIFTY,2026-06-09,21850.0,put,24000.0,2.569637750774991,2.1905890472575322,2.6905890472575322,2.4405890472575322,0.2044064177038635,55942,20024,2026-05-26 15:30:00,0.03561643835616438,synthetic_indian_market_not_live
NIFTY,2026-06-09,22400.0,call,24000.0,1667.6259887440813,1652.5240374777948,1683.1268510123757,1667.8254442450852,0.19969382027545546,4169,6740,2026-05-26 15:30:00,0.03561643835616438,synthetic_indian_market_not_live
NIFTY,2026-06-09,22400.0,put,24000.0,11.992457548285023,11.798428047250127,12.298428047250127,12.048428047250127,0.19969382027545546,67873,4733,2026-05-26 15:30:00,0.03561643835616438,synthetic_indian_market_not_live
NIFTY,2026-06-09,22900.0,call,24000.0,1201.777543797359,1190.111038583256,1208.1429563362055,1199.1269974597308,0.19607887468103088,48500,23684,2026-05-26 15:30:00,0.03561643835616438,synthetic_indian_market_not_live
NIFTY,2026-06-09,22900.0,put,24000.0,42.187732697867354,41.788381122271865,42.421536035550155,42.10495857891101,0.19607887468103088,115600,2253,2026-05-26 15:30:00,0.03561643835616438,synthetic_indian_market_not_live
NIFTY,2026-06-09,23450.0,call,24000.0,742.7522286555121,736.3284390795478,744.828428287915,740.5784336837314,0.19279046457208504,91474,19849,2026-05-26 15:30:00,0.03561643835616438,synthetic_indian_market_not_live
NIFTY,2026-06-09,23450.0,put,24000.0,132.3745875713697,131.4282824312201,132.9454572720236,132.18686985162185,0.19279046457208504,67695,19308,2026-05-26 15:30:00,0.03561643835616438,synthetic_indian_market_not_live
NIFTY,2026-06-09,24000.0,call,24000.0,386.766052037327,385.2780485712183,388.3726513709871,386.8253499711027,0.19017652415295205,94256,16497,2026-05-26 15:30:00,0.03561643835616438,synthetic_indian_market_not_live
NIFTY,2026-06-09,24000.0,put,24000.0,326.9804174113552,325.7560041429557,328.3725182324573,327.0642611877065,0.19017652415295205,5031,14339,2026-05-26 15:30:00,0.03561643835616438,synthetic_indian_market_not_live
NIFTY,2026-06-09,24550.0,call,24000.0,164.16940793302132,163.14698295140045,165.01730668358357,164.082144817492,0.18819308408938795,22607,8799,2026-05-26 15:30:00,0.03561643835616438,synthetic_indian_market_not_live
NIFTY,2026-06-09,24550.0,put,24000.0,651.3795615305454,649.2301306040808,656.6729315615394,652.9515310828101,0.18819308408938795,17152,18995,2026-05-26 15:30:00,0.03561643835616438,synthetic_indian_market_not_live
NIFTY,2026-06-09,25100.0,call,24000.0,54.905480801925066,54.524697731412054,55.333368580535314,54.929033155973684,0.18679968538013705,72891,2973,2026-05-26 15:30:00,0.03561643835616438,synthetic_indian_market_not_live
NIFTY,2026-06-09,25100.0,put,24000.0,1093.7682963437624,1084.3874694626752,1100.470319477336,1092.4288944700056,0.18679968538013705,84735,22534,2026-05-26 15:30:00,0.03561643835616438,synthetic_indian_market_not_live
NIFTY,2026-06-09,25600.0,call,24000.0,16.43570479253025,16.115963541342353,16.615963541342353,16.365963541342353,0.18601354343003854,69689,4099,2026-05-26 15:30:00,0.03561643835616438,synthetic_indian_market_not_live
NIFTY,2026-06-09,25600.0,put,24000.0,1550.6122861550234,1538.8950301792283,1566.3465741655527,1552.6208021723905,0.18601354343003854,57151,22701,2026-05-26 15:30:00,0.03561643835616438,synthetic_indian_market_not_live
NIFTY,2026-06-09,26150.0,call,24000.0,3.498305057591798,3.16780970943438,3.66780970943438,3.41780970943438,0.18564545224067652,25478,20834,2026-05-26 15:30:00,0.03561643835616438,synthetic_indian_market_not_live
NIFTY,2026-06-09,26150.0,put,24000.0,2093.2312667192805,2066.512407000586,2110.093839777799,2088.3031233891925,0.18564545224067652,40699,8606,2026-05-26 15:30:00,0.03561643835616438,synthetic_indian_market_not_live
NIFTY,2026-06-09,26700.0,call,24000.0,0.7383207136896722,0.31793033852705577,0.8179303385270558,0.5679303385270558,0.18576665023218186,33221,6126,2026-05-26 15:30:00,0.03561643835616438,synthetic_indian_market_not_live
NIFTY,2026-06-09,26700.0,put,24000.0,2614.2732633377873,2602.485961634906,2665.6814764990922,2634.083719066999,0.18576665023218186,59000,3252,2026-05-26 15:30:00,0.03561643835616438,synthetic_indian_market_not_live
NIFTY,2026-06-09,27250.0,call,24000.0,0.11625398930648101,0.05,0.3272185438185158,0.1886092719092579,0.18634746187622855,87681,9553,2026-05-26 15:30:00,0.03561643835616438,synthetic_indian_market_not_live
NIFTY,2026-06-09,27250.0,put,24000.0,3185.0910685810645,3139.183983527611,3225.2629811144,3182.2234823210056,0.18634746187622855,22221,21383,2026-05-26 15:30:00,0.03561643835616438,synthetic_indian_market_not_live
NIFTY,2026-06-09,27800.0,call,24000.0,0.05,0.05,0.25889900702363056,0.15444950351181527,0.1873603754719145,80291,7371,2026-05-26 15:30:00,0.03561643835616438,synthetic_indian_market_not_live
NIFTY,2026-06-09,27800.0,put,24000.0,3772.066827980308,3674.7355669238486,3786.8357087420054,3730.785637832927,0.1873603754719145,69690,14923,2026-05-26 15:30:00,0.03561643835616438,synthetic_indian_market_not_live
NIFTY,2026-06-09,28300.0,call,24000.0,0.15543647819602727,0.05,0.25111770056237337,0.15055885028118668,0.18863464433913157,56504,10436,2026-05-26 15:30:00,0.03561643835616438,synthetic_indian_market_not_live
NIFTY,2026-06-09,28300.0,put,24000.0,4234.3513393809035,4160.335147114123,4298.730520572824,4229.532833843474,0.18863464433913157,49074,24060,2026-05-26 15:30:00,0.03561643835616438,synthetic_indian_market_not_live
NIFTY,2026-06-25,19700.0,call,24000.0,4384.382363454883,4322.676761450567,4488.392170369588,4405.534465910077,0.23607978629281914,102983,21323,2026-05-26 15:30:00,0.07945205479452055,synthetic_indian_market_not_live
NIFTY,2026-06-25,19700.0,put,24000.0,0.5564364036298004,0.3185286908896501,0.8185286908896501,0.5685286908896501,0.23607978629281914,64700,11073,2026-05-26 15:30:00,0.07945205479452055,synthetic_indian_market_not_live
NIFTY,2026-06-25,20200.0,call,24000.0,3874.7518951823713,3842.917671493469,3975.262591283649,3909.090131388559,0.22847554033170256,87023,23648,2026-05-26 15:30:00,0.07945205479452055,synthetic_indian_market_not_live
NIFTY,2026-06-25,20200.0,put,24000.0,1.4122786957897957,1.2100840876611727,1.7100840876611727,1.4600840876611727,0.22847554033170256,100438,6154,2026-05-26 15:30:00,0.07945205479452055,synthetic_indian_market_not_live
NIFTY,2026-06-25,20750.0,call,24000.0,3381.8087627316863,3314.458674856896,3414.812762611817,3364.6357187343565,0.22109251566017976,70731,11569,2026-05-26 15:30:00,0.07945205479452055,synthetic_indian_market_not_live
NIFTY,2026-06-25,20750.0,put,24000.0,4.115324737410769,3.825150343584795,4.325150343584795,4.075150343584795,0.22109251566017976,4980,16142,2026-05-26 15:30:00,0.07945205479452055,synthetic_indian_market_not_live
NIFTY,2026-06-25,21300.0,call,24000.0,2821.3693526048737,2787.8924704078104,2861.0519886364914,2824.472229522151,0.21466558846467282,18189,12936,2026-05-26 15:30:00,0.07945205479452055,synthetic_indian_market_not_live
NIFTY,2026-06-25,21300.0,put,24000.0,10.950807063794251,10.731140041503238,11.231140041503238,10.981140041503238,0.21466558846467282,9584,17092,2026-05-26 15:30:00,0.07945205479452055,synthetic_indian_market_not_live
NIFTY,2026-06-25,21850.0,call,24000.0,2298.785877608906,2269.0392216000664,2319.6941026635277,2294.366662131797,0.20912679954575406,117710,10838,2026-05-26 15:30:00,0.07945205479452055,synthetic_indian_market_not_live
NIFTY,2026-06-25,21850.0,put,24000.0,27.747953541399276,27.636567026847022,28.253536095702568,27.945051561274795,0.20912679954575406,72341,24464,2026-05-26 15:30:00,0.07945205479452055,synthetic_indian_market_not_live
NIFTY,2026-06-25,22400.0,call,24000.0,1785.366364478998,1768.9091989856577,1801.667329668456,1785.2882643270568,0.204414202117346,25144,11719,2026-05-26 15:30:00,0.07945205479452055,synthetic_indian_market_not_live
NIFTY,2026-06-25,22400.0,put,24000.0,65.89520745091892,65.33120390143334,66.54106143187916,65.93613266665625,0.204414202117346,88332,17015,2026-05-26 15:30:00,0.07945205479452055,synthetic_indian_market_not_live
NIFTY,2026-06-25,22900.0,call,24000.0,1353.5206301742203,1345.0507579258676,1365.4302383727797,1355.2404981493237,0.20079925652292144,8094,4144,2026-05-26 15:30:00,0.07945205479452055,synthetic_indian_market_not_live
NIFTY,2026-06-25,22900.0,put,24000.0,133.16687597421625,132.2225740002193,134.22593881422313,133.22425640722122,0.20079925652292144,94938,3902,2026-05-26 15:30:00,0.07945205479452055,synthetic_indian_market_not_live
NIFTY,2026-06-25,23450.0,call,24000.0,940.2077409086288,932.9496361203987,943.719370681903,938.3345034011509,0.1975108464139756,105574,13641,2026-05-26 15:30:00,0.07945205479452055,synthetic_indian_market_not_live
NIFTY,2026-06-25,23450.0,put,24000.0,262.1425104620774,261.876224131056,264.8992570072878,263.3877405691719,0.1975108464139756,7494,1108,2026-05-26 15:30:00,0.07945205479452055,synthetic_indian_market_not_live
NIFTY,2026-06-25,24000.0,call,24000.0,600.0592649519162,597.4642089430411,602.2631182518205,599.8636635974308,0.1948969059948426,2906,3550,2026-05-26 15:30:00,0.07945205479452055,synthetic_indian_market_not_live
NIFTY,2026-06-25,24000.0,put,24000.0,472.1223258536058,470.0984341568757,473.8743251942804,471.98637967557806,0.1948969059948426,117708,6949,2026-05-26 15:30:00,0.07945205479452055,synthetic_indian_market_not_live
NIFTY,2026-06-25,24550.0,call,24000.0,351.0659063822804,348.459273243269,352.45402470392156,350.4566489735953,0.1929134659312785,56475,8924,2026-05-26 15:30:00,0.07945205479452055,synthetic_indian_market_not_live
NIFTY,2026-06-25,24550.0,put,24000.0,768.1063865004235,765.2623444438645,774.0353434798676,769.6488439618661,0.1929134659312785,57696,12977,2026-05-26 15:30:00,0.07945205479452055,synthetic_indian_market_not_live
NIFTY,2026-06-25,25100.0,call,24000.0,184.99243162449753,184.56134028390474,187.29862048851797,185.92998038621135,0.1915200672220276,9380,23008,2026-05-26 15:30:00,0.07945205479452055,synthetic_indian_market_not_live
NIFTY,2026-06-25,25100.0,put,24000.0,1154.564629143181,1143.710312543368,1160.6729960258415,1152.1916542846047,0.1915200672220276,87115,12005,2026-05-26 15:30:00,0.07945205479452055,synthetic_indian_market_not_live
NIFTY,2026-06-25,25600.0,call,24000.0,95.81530421492157,95.13100954819116,96.82800189780677,95.97950572299897,0.1907339252719291,31208,19184,2026-05-26 15:30:00,0.07945205479452055,synthetic_indian_market_not_live
NIFTY,2026-06-25,25600.0,put,24000.0,1554.600879440926,1545.7898014364189,1573.3643376429602,1559.5770695396895,0.1907339252719291,46323,14974,2026-05-26 15:30:00,0.07945205479452055,synthetic_indian_market_not_live
NIFTY,2026-06-25,26150.0,call,24000.0,42.326325870446055,41.92478374603809,42.808950779508336,42.36686726277321,0.19036583408256708,71265,14348,2026-05-26 15:30:00,0.07945205479452055,synthetic_indian_market_not_live
NIFTY,2026-06-25,26150.0,put,24000.0,2051.667769424447,2031.6112155695496,2074.456604409623,2053.0339099895864,0.19036583408256708,70851,23814,2026-05-26 15:30:00,0.07945205479452055,synthetic_indian_market_not_live
NIFTY,2026-06-25,26700.0,call,24000.0,17.154622651579395,16.890944441719398,17.390944441719398,17.140944441719398,0.19048703207407242,54124,17985,2026-05-26 15:30:00,0.07945205479452055,synthetic_indian_market_not_live
NIFTY,2026-06-25,26700.0,put,24000.0,2585.0069058487124,2543.989930879381,2605.7650012779286,2574.877466078655,0.19048703207407242,62850,22514,2026-05-26 15:30:00,0.07945205479452055,synthetic_indian_market_not_live
NIFTY,2026-06-25,27250.0,call,24000.0,6.358765839769517,6.179754374838581,6.679754374838581,6.429754374838581,0.1910678437181191,41740,13082,2026-05-26 15:30:00,0.07945205479452055,synthetic_indian_market_not_live
NIFTY,2026-06-25,27250.0,put,24000.0,3113.3954531557483,3069.156363495165,3153.3151463486306,3111.2357549218978,0.1910678437181191,48174,12576,2026-05-26 15:30:00,0.07945205479452055,synthetic_indian_market_not_live
NIFTY,2026-06-25,27800.0,call,24000.0,2.164686109852982,2.018175756843789,2.518175756843789,2.268175756843789,0.19208075731380506,61361,14112,2026-05-26 15:30:00,0.07945205479452055,synthetic_indian_market_not_live
NIFTY,2026-06-25,27800.0,put,24000.0,3627.6685819225695,3599.245027721269,3709.0422827067755,3654.143655214022,0.19208075731380506,14354,23310,2026-05-26 15:30:00,0.07945205479452055,synthetic_indian_market_not_live
NIFTY,2026-06-25,28300.0,call,24000.0,0.8627404085088384,0.5951434843856589,1.095143484385659,0.8451434843856589,0.19335502618102213,5930,1539,2026-05-26 15:30:00,0.07945205479452055,synthetic_indian_market_not_live
NIFTY,2026-06-25,28300.0,put,24000.0,4126.348345069138,4082.1591062744155,4217.953919445314,4150.056512859865,0.19335502618102213,91756,8167,2026-05-26 15:30:00,0.07945205479452055,synthetic_indian_market_not_live
NIFTY,2026-07-25,19700.0,call,24000.0,4556.992998084155,4437.342371254868,4607.453634748796,4522.398003001832,0.24225028679328003,76213,14953,2026-05-26 15:30:00,0.16164383561643836,synthetic_indian_market_not_live
NIFTY,2026-07-25,19700.0,put,24000.0,12.885900717080512,12.77541018661259,13.27541018661259,13.02541018661259,0.24225028679328003,103314,5669,2026-05-26 15:30:00,0.16164383561643836,synthetic_indian_market_not_live
NIFTY,2026-07-25,20200.0,call,24000.0,4042.459303709209,3967.967688450291,4104.619162759366,4036.2934256048284,0.23464604083216345,117973,8957,2026-05-26 15:30:00,0.16164383561643836,synthetic_indian_market_not_live
NIFTY,2026-07-25,20200.0,put,24000.0,21.37470394450656,21.241050967400348,21.972564215106026,21.606807591253187,0.23464604083216345,3338,21189,2026-05-26 15:30:00,0.16164383561643836,synthetic_indian_market_not_live
NIFTY,2026-07-25,20750.0,call,24000.0,3517.8158379639794,3456.0317005138663,3560.6722896960905,3508.3519951049784,0.22726301616064065,111692,12759,2026-05-26 15:30:00,0.16164383561643836,synthetic_indian_market_not_live
NIFTY,2026-07-25,20750.0,put,24000.0,37.69024008884844,37.25593786713346,38.383960879298975,37.81994937321622,0.22726301616064065,106950,23619,2026-05-26 15:30:00,0.16164383561643836,synthetic_indian_market_not_live
NIFTY,2026-07-25,21300.0,call,24000.0,2986.979351264548,2953.316136326392,3030.8166812735303,2992.066408799961,0.2208360889651337,27846,22185,2026-05-26 15:30:00,0.16164383561643836,synthetic_indian_market_not_live
NIFTY,2026-07-25,21300.0,put,24000.0,65.83201467667891,64.83819750012727,66.53967319988105,65.68893535000416,0.2208360889651337,47019,20853,2026-05-26 15:30:00,0.16164383561643836,synthetic_indian_market_not_live
NIFTY,2026-07-25,21850.0,call,24000.0,2492.663126533436,2466.7188290639033,2521.7867836914656,2494.2528063776845,0.21529730004621495,61069,10402,2026-05-26 15:30:00,0.16164383561643836,synthetic_indian_market_not_live
NIFTY,2026-07-25,21850.0,put,24000.0,112.22312116347072,110.79321065290327,113.26659976616162,112.02990520953244,0.21529730004621495,39459,8349,2026-05-26 15:30:00,0.16164383561643836,synthetic_indian_market_not_live
NIFTY,2026-07-25,22400.0,call,24000.0,2015.0853159965588,2005.4005174034346,2042.5381908680329,2023.9693541357337,0.2105847026178069,70896,2614,2026-05-26 15:30:00,0.16164383561643836,synthetic_indian_market_not_live
NIFTY,2026-07-25,22400.0,put,24000.0,185.57301894598996,184.1954827325744,187.6065677662182,185.9010252493963,0.2105847026178069,51675,12819,2026-05-26 15:30:00,0.16164383561643836,synthetic_indian_market_not_live
NIFTY,2026-07-25,22900.0,call,24000.0,1627.254308468849,1617.0506250690955,1641.5513001559452,1629.3009626125204,0.20696975702338233,118156,1908,2026-05-26 15:30:00,0.16164383561643836,synthetic_indian_market_not_live
NIFTY,2026-07-25,22900.0,put,24000.0,286.0045501720923,283.768852562059,288.0683644936005,285.91860852782975,0.20696975702338233,107522,18028,2026-05-26 15:30:00,0.16164383561643836,synthetic_indian_market_not_live
NIFTY,2026-07-25,23450.0,call,24000.0,1239.9770056607915,1234.2108425059369,1248.45826021435,1241.3345513601435,0.20368134691443648,21392,10959,2026-05-26 15:30:00,0.16164383561643836,synthetic_indian_market_not_live
NIFTY,2026-07-25,23450.0,put,24000.0,442.6158357799281,439.5696292630923,444.6439098514298,442.10676955726103,0.20368134691443648,38457,408,2026-05-26 15:30:00,0.16164383561643836,synthetic_indian_market_not_live
NIFTY,2026-07-25,24000.0,call,24000.0,909.4611224625127,906.7207690500331,914.0036667934069,910.36221792172,0.2010674064953035,46714,10606,2026-05-26 15:30:00,0.16164383561643836,synthetic_indian_market_not_live
NIFTY,2026-07-25,24000.0,put,24000.0,655.8276974391854,652.6678523670405,657.9101644342456,655.2890084006431,0.2010674064953035,19364,15528,2026-05-26 15:30:00,0.16164383561643836,synthetic_indian_market_not_live
NIFTY,2026-07-25,24550.0,call,24000.0,640.6946603242502,637.6137367224892,644.9233668620382,641.2685517922637,0.1990839664317394,80234,18214,2026-05-26 15:30:00,0.16164383561643836,synthetic_indian_market_not_live
NIFTY,2026-07-25,24550.0,put,24000.0,927.7946827706933,925.0475231003544,935.6523060056392,930.3499145529968,0.1990839664317394,19796,23101,2026-05-26 15:30:00,0.16164383561643836,synthetic_indian_market_not_live
NIFTY,2026-07-25,25100.0,call,24000.0,432.53949172052626,430.39266656147294,436.7759390527605,433.5843028071167,0.1976905677224885,105378,18031,2026-05-26 15:30:00,0.16164383561643836,synthetic_indian_market_not_live
NIFTY,2026-07-25,25100.0,put,24000.0,1269.1698568765041,1257.4951092376218,1276.1453664616924,1266.8202378496571,0.1976905677224885,73836,9684,2026-05-26 15:30:00,0.16164383561643836,synthetic_indian_market_not_live
NIFTY,2026-07-25,25600.0,call,24000.0,293.9639054067178,290.81309182603883,296.000754548643,293.4069231873409,0.19690442577238998,42990,20741,2026-05-26 15:30:00,0.16164383561643836,synthetic_indian_market_not_live
NIFTY,2026-07-25,25600.0,put,24000.0,1628.1745671685524,1606.9956553122797,1635.6620107507656,1621.3288330315227,0.19690442577238998,69426,6062,2026-05-26 15:30:00,0.16164383561643836,synthetic_indian_market_not_live
NIFTY,2026-07-25,26150.0,call,24000.0,183.46485539415946,182.3069901451713,186.15172865673912,184.22935940095522,0.19653633458302797,73567,3448,2026-05-26 15:30:00,0.16164383561643836,synthetic_indian_market_not_live
NIFTY,2026-07-25,26150.0,put,24000.0,2062.652005479326,2034.8490056399107,2077.762677413985,2056.305841526948,0.19653633458302797,29013,1154,2026-05-26 15:30:00,0.16164383561643836,synthetic_indian_market_not_live
NIFTY,2026-07-25,26700.0,call,24000.0,111.84801192945852,110.52282841648206,113.20662658061816,111.86472749855011,0.1966575325745333,106185,12070,2026-05-26 15:30:00,0.16164383561643836,synthetic_indian_market_not_live
NIFTY,2026-07-25,26700.0,put,24000.0,2519.5614708855164,2497.7694271654095,2558.4221366473007,2528.095781906355,0.1966575325745333,31215,15655,2026-05-26 15:30:00,0.16164383561643836,synthetic_indian_market_not_live
NIFTY,2026-07-25,27250.0,call,24000.0,65.69741751682716,65.14631750510604,66.93268292259539,66.03950021385072,0.19723834421858,28471,18166,2026-05-26 15:30:00,0.16164383561643836,synthetic_indian_market_not_live
NIFTY,2026-07-25,27250.0,put,24000.0,3016.761226573879,2985.4927972536766,3067.357456553253,3026.425126903465,0.19723834421858,48092,11016,2026-05-26 15:30:00,0.16164383561643836,synthetic_indian_market_not_live
NIFTY,2026-07-25,27800.0,call,24000.0,37.81137998229074,37.57106605049365,38.7171952768873,38.144130663690476,0.19825125781426597,6888,11120,2026-05-26 15:30:00,0.16164383561643836,synthetic_indian_market_not_live
NIFTY,2026-07-25,27800.0,put,24000.0,3537.877670297524,3489.4602296302974,3595.908429639917,3542.684329635107,0.19825125781426597,78627,15485,2026-05-26 15:30:00,0.16164383561643836,synthetic_indian_market_not_live
NIFTY,2026-07-25,28300.0,call,24000.0,22.87792829982327,22.481833347585948,23.229701394787313,22.85576737118663,0.199525526681483,75009,15709,2026-05-26 15:30:00,0.16164383561643836,synthetic_indian_market_not_live
NIFTY,2026-07-25,28300.0,put,24000.0,4010.9384827662375,3956.2782750901524,4087.8856071983473,4022.08194114425,0.199525526681483,59587,8754,2026-05-26 15:30:00,0.16164383561643836,synthetic_indian_market_not_live
BANKNIFTY,2026-06-02,42600.0,call,52000.0,9499.910285063219,9273.895542651238,9632.246527815472,9453.071035233355,0.2690007231493508,9769,19630,2026-05-26 15:30:00,0.01643835616438356,synthetic_indian_market_not_live
BANKNIFTY,2026-06-02,42600.0,put,52000.0,0.15617892832102429,0.05,0.5000110318691974,0.2750055159345987,0.2690007231493508,9749,14500,2026-05-26 15:30:00,0.01643835616438356,synthetic_indian_market_not_live
BANKNIFTY,2026-06-02,43800.0,call,52000.0,8190.5468457014385,8115.305597113726,8393.826922230577,8254.566259672152,0.2605543563616107,49574,17298,2026-05-26 15:30:00,0.01643835616438356,synthetic_indian_market_not_live
BANKNIFTY,2026-06-02,43800.0,put,52000.0,0.05,0.05,0.5002770424601137,0.2751385212300569,0.2605543563616107,73618,1423,2026-05-26 15:30:00,0.01643835616438356,synthetic_indian_market_not_live
BANKNIFTY,2026-06-02,45000.0,call,52000.0,7051.891152586054,6951.329459818329,7160.804216630697,7056.066838224513,0.25315106456706327,35903,22052,2026-05-26 15:30:00,0.01643835616438356,synthetic_indian_market_not_live
BANKNIFTY,2026-06-02,45000.0,put,52000.0,0.05,0.05,0.5058971666083224,0.2779485833041612,0.25315106456706327,48685,20589,2026-05-26 15:30:00,0.01643835616438356,synthetic_indian_market_not_live
BANKNIFTY,2026-06-02,46200.0,call,52000.0,5897.329986345423,5782.267769867658,5933.041385780989,5857.6545778243235,0.24671477647663606,34481,12188,2026-05-26 15:30:00,0.01643835616438356,synthetic_indian_market_not_live
BANKNIFTY,2026-06-02,46200.0,put,52000.0,0.05,0.05,0.5986783382166703,0.32433916910833516,0.24671477647663606,99850,15375,2026-05-26 15:30:00,0.01643835616438356,synthetic_indian_market_not_live
BANKNIFTY,2026-06-02,47300.0,call,52000.0,4745.291753501865,4707.067543020578,4812.785575987825,4759.926559504202,0.24160516334283386,72121,17027,2026-05-26 15:30:00,0.01643835616438356,synthetic_indian_market_not_live
BANKNIFTY,2026-06-02,47300.0,put,52000.0,1.0948032507973953,0.5002814588979163,1.5002814588979163,1.0002814588979163,0.24160516334283386,92406,18139,2026-05-26 15:30:00,0.01643835616438356,synthetic_indian_market_not_live
BANKNIFTY,2026-06-02,48500.0,call,52000.0,3559.0742696224115,3536.4334877259025,3602.2953575617357,3569.364422643819,0.23683429153832417,91337,4570,2026-05-26 15:30:00,0.01643835616438356,synthetic_indian_market_not_live
BANKNIFTY,2026-06-02,48500.0,put,52000.0,8.855540369171518,8.443186170298418,9.443186170298418,8.943186170298418,0.23683429153832417,22326,24936,2026-05-26 15:30:00,0.01643835616438356,synthetic_indian_market_not_live
BANKNIFTY,2026-06-02,49700.0,call,52000.0,2419.4003688119874,2398.8202368029524,2434.5529243155543,2416.6865805592533,0.232845369026726,45079,14350,2026-05-26 15:30:00,0.01643835616438356,synthetic_indian_market_not_live
BANKNIFTY,2026-06-02,49700.0,put,52000.0,54.723352292681064,54.270385657521274,55.270385657521274,54.770385657521274,0.232845369026726,118919,2238,2026-05-26 15:30:00,0.01643835616438356,synthetic_indian_market_not_live
BANKNIFTY,2026-06-02,50800.0,call,52000.0,1467.0444820677997,1460.967738160313,1477.8691427630085,1469.4184404616608,0.2298304303102446,44674,23457,2026-05-26 15:30:00,0.01643835616438356,synthetic_indian_market_not_live
BANKNIFTY,2026-06-02,50800.0,put,52000.0,206.33126703120558,204.9463918529672,207.31734214850994,206.13186700073857,0.2298304303102446,70275,12987,2026-05-26 15:30:00,0.01643835616438356,synthetic_indian_market_not_live
BANKNIFTY,2026-06-02,52000.0,call,52000.0,685.0185888874717,682.432729936527,687.9141173255755,685.1734236310513,0.2271958892374611,13901,6131,2026-05-26 15:30:00,0.01643835616438356,synthetic_indian_market_not_live
BANKNIFTY,2026-06-02,52000.0,put,52000.0,621.1536728273281,617.910324174961,622.8734593088964,620.3918917419287,0.2271958892374611,15967,15004,2026-05-26 15:30:00,0.01643835616438356,synthetic_indian_market_not_live
BANKNIFTY,2026-06-02,53200.0,call,52000.0,237.58182795526415,236.20929305693332,238.92282046600397,237.56605676146864,0.2252007016977098,46669,21774,2026-05-26 15:30:00,0.01643835616438356,synthetic_indian_market_not_live
BANKNIFTY,2026-06-02,53200.0,put,52000.0,1372.7710372437016,1363.4579934596572,1379.1211394285906,1371.289566444124,0.2252007016977098,2992,13244,2026-05-26 15:30:00,0.01643835616438356,synthetic_indian_market_not_live
BANKNIFTY,2026-06-02,54300.0,call,52000.0,66.48526317667279,66.0166752770574,67.0166752770574,66.5166752770574,0.22389809972368666,23592,563,2026-05-26 15:30:00,0.01643835616438356,synthetic_indian_market_not_live
BANKNIFTY,2026-06-02,54300.0,put,52000.0,2296.674640640826,2282.2121081346,2315.527504666444,2298.869806400522,0.22389809972368666,27390,15301,2026-05-26 15:30:00,0.01643835616438356,synthetic_indian_market_not_live
BANKNIFTY,2026-06-02,55500.0,call,52000.0,11.67947859580091,11.185359986356161,12.185359986356161,11.685359986356161,0.22301567979839085,19427,20819,2026-05-26 15:30:00,0.01643835616438356,synthetic_indian_market_not_live
BANKNIFTY,2026-06-02,55500.0,put,52000.0,3447.115391311743,3411.9549922949786,3473.132073068237,3442.5435326816078,0.22301567979839085,17477,838,2026-05-26 15:30:00,0.01643835616438356,synthetic_indian_market_not_live
BANKNIFTY,2026-06-02,56700.0,call,52000.0,1.3465418029475356,0.9275974344340341,1.927597434434034,1.427597434434034,0.2226609793618968,30390,9912,2026-05-26 15:30:00,0.01643835616438356,synthetic_indian_market_not_live
BANKNIFTY,2026-06-02,56700.0,put,52000.0,4620.848558289817,4582.2148028553665,4679.366820547596,4630.790811701481,0.2226609793618968,96934,18097,2026-05-26 15:30:00,0.01643835616438356,synthetic_indian_market_not_live
BANKNIFTY,2026-06-02,57800.0,call,52000.0,0.2852118145803446,0.05,0.6538928328564921,0.3519464164282461,0.2227714929330058,101256,16139,2026-05-26 15:30:00,0.01643835616438356,synthetic_indian_market_not_live
BANKNIFTY,2026-06-02,57800.0,put,52000.0,5686.348952363097,5659.8049014113685,5796.488555670042,5728.146728540705,0.2227714929330058,99149,13940,2026-05-26 15:30:00,0.01643835616438356,synthetic_indian_market_not_live
BANKNIFTY,2026-06-02,59000.0,call,52000.0,0.2179994749810202,0.05,0.5100995397357679,0.280049769867884,0.22333907448599014,20074,5882,2026-05-26 15:30:00,0.01643835616438356,synthetic_indian_market_not_live
BANKNIFTY,2026-06-02,59000.0,put,52000.0,6953.82237228487,6833.193857721028,7019.822095917723,6926.5079768193755,0.22333907448599014,71059,14556,2026-05-26 15:30:00,0.01643835616438356,synthetic_indian_market_not_live
BANKNIFTY,2026-06-02,60200.0,call,52000.0,0.05,0.05,0.5005100326121915,0.2752550163060958,0.22434576549148452,52221,1214,2026-05-26 15:30:00,0.01643835616438356,synthetic_indian_market_not_live
BANKNIFTY,2026-06-02,60200.0,put,52000.0,8090.302487492488,8003.273428830741,8246.733428937352,8125.003428884047,0.22434576549148452,47534,15504,2026-05-26 15:30:00,0.01643835616438356,synthetic_indian_market_not_live
BANKNIFTY,2026-06-02,61400.0,call,52000.0,0.05,0.05,0.5000208614674793,0.27501043073373965,0.22576542564337446,25480,9717,2026-05-26 15:30:00,0.01643835616438356,synthetic_indian_market_not_live
BANKNIFTY,2026-06-02,61400.0,put,52000.0,9284.702566290614,9170.020115803922,9476.995846765456,9323.507981284689,0.22576542564337446,55728,23586,2026-05-26 15:30:00,0.01643835616438356,synthetic_indian_market_not_live
BANKNIFTY,2026-06-09,42600.0,call,52000.0,9530.005622652016,9325.93938858038,9686.301390946035,9506.120389763208,0.2719813580648418,91568,2821,2026-05-26 15:30:00,0.03561643835616438,synthetic_indian_market_not_live
BANKNIFTY,2026-06-09,42600.0,put,52000.0,0.05,0.05,0.544457172688475,0.29722858634423754,0.2719813580648418,29089,16376,2026-05-26 15:30:00,0.03561643835616438,synthetic_indian_market_not_live
BANKNIFTY,2026-06-09,43800.0,call,52000.0,8311.751779000237,8169.116317741246,8449.484453558609,8309.300385649927,0.2635349912771016,84917,8105,2026-05-26 15:30:00,0.03561643835616438,synthetic_indian_market_not_live
BANKNIFTY,2026-06-09,43800.0,put,52000.0,0.05277826104919642,0.05,0.7363986202349473,0.39319931011747367,0.2635349912771016,16466,20091,2026-05-26 15:30:00,0.03561643835616438,synthetic_indian_market_not_live
BANKNIFTY,2026-06-09,45000.0,call,52000.0,7115.593924993053,7007.641319768439,7218.813005669966,7113.227162719202,0.2561316994825542,105918,13422,2026-05-26 15:30:00,0.03561643835616438,synthetic_indian_market_not_live
BANKNIFTY,2026-06-09,45000.0,put,52000.0,1.2847151307711708,0.6751212503334614,1.6751212503334614,1.1751212503334614,0.2561316994825542,96460,4623,2026-05-26 15:30:00,0.03561643835616438,synthetic_indian_market_not_live
BANKNIFTY,2026-06-09,46200.0,call,52000.0,5931.4208152535075,5844.119014737566,5996.505412384454,5920.31221356101,0.24969541139212703,15914,20140,2026-05-26 15:30:00,0.03561643835616438,synthetic_indian_market_not_live
BANKNIFTY,2026-06-09,46200.0,put,52000.0,5.3710871279088535,4.7721176529692,5.7721176529692,5.2721176529692,0.24969541139212703,3388,10282,2026-05-26 15:30:00,0.03561643835616438,synthetic_indian_market_not_live
BANKNIFTY,2026-06-09,47300.0,call,52000.0,4834.686256926684,4782.663946262522,4890.079831019039,4836.3718886407805,0.24458579825832483,20282,856,2026-05-26 15:30:00,0.03561643835616438,synthetic_indian_market_not_live
BANKNIFTY,2026-06-09,47300.0,put,52000.0,18.379574343378966,18.09274283017362,19.09274283017362,18.59274283017362,0.24458579825832483,2818,17023,2026-05-26 15:30:00,0.03561643835616438,synthetic_indian_market_not_live
BANKNIFTY,2026-06-09,48500.0,call,52000.0,3690.504904392312,3650.2325312663943,3718.213773011559,3684.2231521389767,0.23981492645381514,23305,16866,2026-05-26 15:30:00,0.03561643835616438,synthetic_indian_market_not_live
BANKNIFTY,2026-06-09,48500.0,put,52000.0,63.28005191968735,62.870507654773384,64.04139612363419,63.45595188920379,0.23981492645381514,47339,16813,2026-05-26 15:30:00,0.03561643835616438,synthetic_indian_market_not_live
BANKNIFTY,2026-06-09,49700.0,call,52000.0,2613.046831688473,2587.688016894431,2626.2340679361832,2606.961042415307,0.23582600394221698,95923,8826,2026-05-26 15:30:00,0.03561643835616438,synthetic_indian_market_not_live
BANKNIFTY,2026-06-09,49700.0,put,52000.0,183.11060005355986,181.85136402574653,184.56021142697273,183.20578772635963,0.23582600394221698,85571,12997,2026-05-26 15:30:00,0.03561643835616438,synthetic_indian_market_not_live
BANKNIFTY,2026-06-09,50800.0,call,52000.0,1744.4981916845704,1732.9828105498018,1753.031058629189,1743.0069345894954,0.23281106522573558,111756,19281,2026-05-26 15:30:00,0.03561643835616438,synthetic_indian_market_not_live
BANKNIFTY,2026-06-09,50800.0,put,52000.0,416.73363145628844,414.1172440793362,418.90801591660596,416.5126299979711,0.23281106522573558,47924,21338,2026-05-26 15:30:00,0.03561643835616438,synthetic_indian_market_not_live
BANKNIFTY,2026-06-09,52000.0,call,52000.0,998.7618932247055,996.0982381128983,1004.0990271740461,1000.0986326434722,0.23017652415295206,108510,10254,2026-05-26 15:30:00,0.03561643835616438,synthetic_indian_market_not_live
BANKNIFTY,2026-06-09,52000.0,put,52000.0,871.5363902584033,867.1338085183369,874.0987387072392,870.6162736127881,0.23017652415295206,63216,23840,2026-05-26 15:30:00,0.03561643835616438,synthetic_indian_market_not_live
BANKNIFTY,2026-06-09,53200.0,call,52000.0,497.5601963777971,495.06933694975555,500.7565992831635,497.9129681164595,0.22818133661320078,48089,15952,2026-05-26 15:30:00,0.03561643835616438,synthetic_indian_market_not_live
BANKNIFTY,2026-06-09,53200.0,put,52000.0,1568.4591632277666,1556.502154369586,1574.382954923616,1565.442554646601,0.22818133661320078,108140,24653,2026-05-26 15:30:00,0.03561643835616438,synthetic_indian_market_not_live
BANKNIFTY,2026-06-09,54300.0,call,52000.0,228.322349812993,227.45054374715852,230.77083331591115,229.11068853153483,0.22687873463917763,19849,7312,2026-05-26 15:30:00,0.03561643835616438,synthetic_indian_market_not_live
BANKNIFTY,2026-06-09,54300.0,put,52000.0,2386.274215954472,2376.5549256096133,2411.247524708611,2393.901225159112,0.22687873463917763,89877,10480,2026-05-26 15:30:00,0.03561643835616438,synthetic_indian_market_not_live
BANKNIFTY,2026-06-09,55500.0,call,52000.0,84.09713262353577,83.40756178744142,84.90307716091318,84.1553194741773,0.22599631471388182,49110,7061,2026-05-26 15:30:00,0.03561643835616438,synthetic_indian_market_not_live
BANKNIFTY,2026-06-09,55500.0,put,52000.0,3445.2886088654013,3415.3389239676226,3476.576679357556,3445.957801662589,0.22599631471388182,99018,10405,2026-05-26 15:30:00,0.03561643835616438,synthetic_indian_market_not_live
BANKNIFTY,2026-06-09,56700.0,call,52000.0,26.576439185184043,25.872619421080117,26.872619421080117,26.372619421080117,0.22564161427738777,70875,21229,2026-05-26 15:30:00,0.03561643835616438,synthetic_indian_market_not_live
BANKNIFTY,2026-06-09,56700.0,put,52000.0,4593.642561564497,4537.089412096491,4633.284682244139,4585.187047170315,0.22564161427738777,110133,897,2026-05-26 15:30:00,0.03561643835616438,synthetic_indian_market_not_live
BANKNIFTY,2026-06-09,57800.0,call,52000.0,8.079788813430188,7.487046714294479,8.487046714294479,7.987046714294479,0.22575212784849677,66486,16001,2026-05-26 15:30:00,0.03561643835616438,synthetic_indian_market_not_live
BANKNIFTY,2026-06-09,57800.0,put,52000.0,5648.092131971107,5596.485179526285,5731.639669595616,5664.062424560951,0.22575212784849677,23199,2801,2026-05-26 15:30:00,0.03561643835616438,synthetic_indian_market_not_live
BANKNIFTY,2026-06-09,59000.0,call,52000.0,1.8328355951141417,1.4096605442943542,2.409660544294354,1.9096605442943542,0.2263197094014811,16253,17604,2026-05-26 15:30:00,0.03561643835616438,synthetic_indian_market_not_live
BANKNIFTY,2026-06-09,59000.0,put,52000.0,6836.328560624306,6762.646263051725,6947.347704851849,6854.996983951787,0.2263197094014811,14148,1593,2026-05-26 15:30:00,0.03561643835616438,synthetic_indian_market_not_live
BANKNIFTY,2026-06-09,60200.0,call,52000.0,0.389419994287081,0.05,0.9075445055205975,0.4787722527602988,0.2273264004069755,95261,12420,2026-05-26 15:30:00,0.03561643835616438,synthetic_indian_market_not_live
BANKNIFTY,2026-06-09,60200.0,put,52000.0,7996.234560807063,7929.8929327030955,8171.120694244583,8050.506813473839,0.2273264004069755,77361,3795,2026-05-26 15:30:00,0.03561643835616438,synthetic_indian_market_not_live
BANKNIFTY,2026-06-09,61400.0,call,52000.0,0.3777906537874836,0.05,0.5794297342711632,0.3147148671355816,0.22874606055886543,115851,4803,2026-05-26 15:30:00,0.03561643835616438,synthetic_indian_market_not_live
BANKNIFTY,2026-06-09,61400.0,put,52000.0,9262.908401486122,9094.959149794733,9399.422138732109,9247.19064426342,0.22874606055886543,42845,6833,2026-05-26 15:30:00,0.03561643835616438,synthetic_indian_market_not_live
BANKNIFTY,2026-06-25,42600.0,call,52000.0,9650.675230007408,9450.189978348286,9815.35312614908,9632.771552248683,0.27670173990673236,105229,11098,2026-05-26 15:30:00,0.07945205479452055,synthetic_indian_market_not_live
BANKNIFTY,2026-06-25,42600.0,put,52000.0,6.001985808789893,5.289373287390106,6.289373287390106,5.789373287390106,0.27670173990673236,75629,20180,2026-05-26 15:30:00,0.07945205479452055,synthetic_indian_market_not_live
BANKNIFTY,2026-06-25,43800.0,call,52000.0,8436.20165583689,8304.23406026072,8589.239504216757,8446.736782238739,0.26825537311899217,105332,2788,2026-05-26 15:30:00,0.07945205479452055,synthetic_indian_market_not_live
BANKNIFTY,2026-06-25,43800.0,put,52000.0,13.477681794269936,12.860739081359782,13.860739081359782,13.360739081359782,0.26825537311899217,45798,10705,2026-05-26 15:30:00,0.07945205479452055,synthetic_indian_market_not_live
BANKNIFTY,2026-06-25,45000.0,call,52000.0,7248.791679924609,7162.085841950963,7377.911634511108,7269.9987382310355,0.26085208132444476,48845,10263,2026-05-26 15:30:00,0.07945205479452055,synthetic_indian_market_not_live
BANKNIFTY,2026-06-25,45000.0,put,52000.0,29.953437793602763,29.728830877564405,30.728830877564405,30.228830877564405,0.26085208132444476,44990,13392,2026-05-26 15:30:00,0.07945205479452055,synthetic_indian_market_not_live
BANKNIFTY,2026-06-25,46200.0,call,52000.0,6104.598812011149,6033.526651043562,6190.851885033567,6112.1892680385645,0.2544157932340176,54644,14938,2026-05-26 15:30:00,0.07945205479452055,synthetic_indian_market_not_live
BANKNIFTY,2026-06-25,46200.0,put,52000.0,65.65814009251241,65.17576194799484,66.87523103000704,66.02549648900094,0.2544157932340176,101954,9398,2026-05-26 15:30:00,0.07945205479452055,synthetic_indian_market_not_live
BANKNIFTY,2026-06-25,47300.0,call,52000.0,5084.769253366118,5025.116612876298,5137.977845244213,5081.547229060256,0.24930618010021538,82675,10615,2026-05-26 15:30:00,0.07945205479452055,synthetic_indian_market_not_live
BANKNIFTY,2026-06-25,47300.0,put,52000.0,129.21523816818322,128.08406803683297,130.96076262503252,129.52241533093274,0.24930618010021538,91652,12625,2026-05-26 15:30:00,0.07945205479452055,synthetic_indian_market_not_live
BANKNIFTY,2026-06-25,48500.0,call,52000.0,3998.713678862641,3976.8047856476196,4050.868047423616,4013.836416535618,0.2445353082957057,45701,11017,2026-05-26 15:30:00,0.07945205479452055,synthetic_indian_market_not_live
BANKNIFTY,2026-06-25,48500.0,put,52000.0,256.24577331840163,253.0612560740772,257.774221146343,255.4177386102101,0.2445353082957057,49266,5956,2026-05-26 15:30:00,0.07945205479452055,synthetic_indian_market_not_live
BANKNIFTY,2026-06-25,49700.0,call,52000.0,3046.277323571423,3014.0780333370535,3058.9755654036376,3036.5267993703455,0.24054638578410753,36585,24901,2026-05-26 15:30:00,0.07945205479452055,synthetic_indian_market_not_live
BANKNIFTY,2026-06-25,49700.0,put,52000.0,473.06054021616825,468.2269167130176,475.20159778465717,471.7142572488374,0.24054638578410753,10068,12304,2026-05-26 15:30:00,0.07945205479452055,synthetic_indian_market_not_live
BANKNIFTY,2026-06-25,50800.0,call,52000.0,2249.639842994526,2236.57247258087,2262.446566371566,2249.509519476218,0.23753144706762613,103584,1143,2026-05-26 15:30:00,0.07945205479452055,synthetic_indian_market_not_live
BANKNIFTY,2026-06-25,50800.0,put,52000.0,779.4568151072041,774.3568089788292,783.315061371099,778.8359351749641,0.23753144706762613,99083,9543,2026-05-26 15:30:00,0.07945205479452055,synthetic_indian_market_not_live
BANKNIFTY,2026-06-25,52000.0,call,52000.0,1535.9709467251118,1529.8118305171615,1542.099475742199,1535.9556531296803,0.23489690599484261,55311,8247,2026-05-26 15:30:00,0.07945205479452055,synthetic_indian_market_not_live
BANKNIFTY,2026-06-25,52000.0,put,52000.0,1257.485212973965,1253.8526518138012,1263.92375745086,1258.8882046323306,0.23489690599484261,117219,18838,2026-05-26 15:30:00,0.07945205479452055,synthetic_indian_market_not_live
BANKNIFTY,2026-06-25,53200.0,call,52000.0,985.85968371118,980.7483264459677,992.0149765881781,986.3816515170729,0.23290171845509133,68819,13361,2026-05-26 15:30:00,0.07945205479452055,synthetic_indian_market_not_live
BANKNIFTY,2026-06-25,53200.0,put,52000.0,1902.3369291081426,1892.0525688924613,1913.7881087547935,1902.9203388236274,0.23290171845509133,5643,6451,2026-05-26 15:30:00,0.07945205479452055,synthetic_indian_market_not_live
BANKNIFTY,2026-06-25,54300.0,call,52000.0,623.5738567667303,616.9420438943514,625.9480730693988,621.4450584818751,0.23159911648106818,72195,10107,2026-05-26 15:30:00,0.07945205479452055,synthetic_indian_market_not_live
BANKNIFTY,2026-06-25,54300.0,put,52000.0,2630.4451117822346,2613.0502421436913,2651.1951650736655,2632.1227036086784,0.23159911648106818,64807,4886,2026-05-26 15:30:00,0.07945205479452055,synthetic_indian_market_not_live
BANKNIFTY,2026-06-25,55500.0,call,52000.0,354.11963703728725,350.03704622116294,356.313285121929,353.175165671546,0.23071669655577237,36068,8011,2026-05-26 15:30:00,0.07945205479452055,synthetic_indian_market_not_live
BANKNIFTY,2026-06-25,55500.0,put,52000.0,3561.4313339953774,3525.8493313195863,3589.0685618849316,3557.458946602259,0.23071669655577237,13524,6116,2026-05-26 15:30:00,0.07945205479452055,synthetic_indian_market_not_live
BANKNIFTY,2026-06-25,56700.0,call,52000.0,187.77800277068133,186.82617184566212,190.78725624118428,188.8067140434232,0.23036199611927832,100488,15363,2026-05-26 15:30:00,0.07945205479452055,synthetic_indian_market_not_live
BANKNIFTY,2026-06-25,56700.0,put,52000.0,4603.655556683445,4538.583160493838,4634.810101062225,4586.696630778031,0.23036199611927832,62538,4202,2026-05-26 15:30:00,0.07945205479452055,synthetic_indian_market_not_live
BANKNIFTY,2026-06-25,57800.0,call,52000.0,101.01830606913654,100.00345542882886,102.41852767329758,101.21099155106322,0.23047250969038732,64622,13845,2026-05-26 15:30:00,0.07945205479452055,synthetic_indian_market_not_live
BANKNIFTY,2026-06-25,57800.0,put,52000.0,5584.663512589849,5526.507596466657,5659.972135745212,5593.239866105934,0.23047250969038732,34530,9187,2026-05-26 15:30:00,0.07945205479452055,synthetic_indian_market_not_live
BANKNIFTY,2026-06-25,59000.0,call,52000.0,48.95163807779208,48.229652928482615,49.54690154491259,48.888277236697604,0.23104009124337166,40396,2381,2026-05-26 15:30:00,0.07945205479452055,synthetic_indian_market_not_live
BANKNIFTY,2026-06-25,59000.0,put,52000.0,6772.953991619934,6643.795591874571,6825.2509833163795,6734.523287595475,0.23104009124337166,92361,16765,2026-05-26 15:30:00,0.07945205479452055,synthetic_indian_market_not_live
BANKNIFTY,2026-06-25,60200.0,call,52000.0,22.736805823156555,22.158538864216098,23.158538864216098,22.658538864216098,0.23204678224886605,3388,10978,2026-05-26 15:30:00,0.07945205479452055,synthetic_indian_market_not_live
BANKNIFTY,2026-06-25,60200.0,put,52000.0,7916.44940120207,7783.512258178554,8020.287111875238,7901.899685026896,0.23204678224886605,24621,6670,2026-05-26 15:30:00,0.07945205479452055,synthetic_indian_market_not_live
BANKNIFTY,2026-06-25,61400.0,call,52000.0,10.365793668138904,9.671481304536087,10.671481304536087,10.171481304536087,0.23346644240075598,103527,6190,2026-05-26 15:30:00,0.07945205479452055,synthetic_indian_market_not_live
BANKNIFTY,2026-06-25,61400.0,put,52000.0,9108.786464812383,8933.489941620011,9232.547584922237,9083.018763271124,0.23346644240075598,82091,6810,2026-05-26 15:30:00,0.07945205479452055,synthetic_indian_market_not_live
BANKNIFTY,2026-07-25,42600.0,call,52000.0,9932.803369518306,9735.317323614436,10111.49802758712,9923.407675600778,0.2828722404071932,56613,16304,2026-05-26 15:30:00,0.16164383561643836,synthetic_indian_market_not_live
BANKNIFTY,2026-07-25,42600.0,put,52000.0,71.06661603514651,69.31356205120673,71.99189535052611,70.65272870086642,0.2828722404071932,36247,22653,2026-05-26 15:30:00,0.16164383561643836,synthetic_indian_market_not_live
BANKNIFTY,2026-07-25,43800.0,call,52000.0,8770.898304401624,8629.363470681083,8925.52751774098,8777.445494211031,0.2744258736194531,117775,16202,2026-05-26 15:30:00,0.16164383561643836,synthetic_indian_market_not_live
BANKNIFTY,2026-07-25,43800.0,put,52000.0,111.3558211296222,110.04842843095084,113.82534523917512,111.93688683506298,0.2744258736194531,7687,11265,2026-05-26 15:30:00,0.16164383561643836,synthetic_indian_market_not_live
BANKNIFTY,2026-07-25,45000.0,call,52000.0,7640.583991966666,7541.531325912778,7768.791513999118,7655.161419955948,0.2670225818249057,8174,24555,2026-05-26 15:30:00,0.16164383561643836,synthetic_indian_market_not_live
BANKNIFTY,2026-07-25,45000.0,put,52000.0,176.43185812244232,174.2733332365054,179.52497097136134,176.89915210393337,0.2670225818249057,56782,21069,2026-05-26 15:30:00,0.16164383561643836,synthetic_indian_market_not_live
BANKNIFTY,2026-07-25,46200.0,call,52000.0,6565.141392581987,6483.265800578234,6652.3180594124515,6567.791929995343,0.2605862937344785,76256,9473,2026-05-26 15:30:00,0.16164383561643836,synthetic_indian_market_not_live
BANKNIFTY,2026-07-25,46200.0,put,52000.0,276.1701762748832,273.2139515314196,280.33805180312055,276.77600166727007,0.2605862937344785,85132,6076,2026-05-26 15:30:00,0.16164383561643836,synthetic_indian_market_not_live
BANKNIFTY,2026-07-25,47300.0,call,52000.0,5631.912967662711,5551.540591440498,5676.225003954431,5613.882797697464,0.2554766806006763,24492,16903,2026-05-26 15:30:00,0.16164383561643836,synthetic_indian_market_not_live
BANKNIFTY,2026-07-25,47300.0,put,52000.0,413.6085047855849,406.60990153054263,415.7421263354645,411.17601393300356,0.2554766806006763,3535,12916,2026-05-26 15:30:00,0.16164383561643836,synthetic_indian_market_not_live
BANKNIFTY,2026-07-25,48500.0,call,52000.0,4637.8455813324645,4592.714698336058,4678.248550083808,4635.481624209933,0.2507058087961666,60745,6968,2026-05-26 15:30:00,0.16164383561643836,synthetic_indian_market_not_live
BANKNIFTY,2026-07-25,48500.0,put,52000.0,619.6603957398868,614.3008682534805,625.7414916853572,620.0211799694189,0.2507058087961666,55827,23918,2026-05-26 15:30:00,0.16164383561643836,synthetic_indian_market_not_live
BANKNIFTY,2026-07-25,49700.0,call,52000.0,3736.0924233047854,3711.3338593426647,3766.6176738679155,3738.97576660529,0.24671688628456842,110220,21545,2026-05-26 15:30:00,0.16164383561643836,synthetic_indian_market_not_live
BANKNIFTY,2026-07-25,49700.0,put,52000.0,907.903841419237,904.0284838828287,917.4948398946195,910.7616618887241,0.24671688628456842,54901,820,2026-05-26 15:30:00,0.16164383561643836,synthetic_indian_market_not_live
BANKNIFTY,2026-07-25,50800.0,call,52000.0,3001.3719198769604,2985.548450657791,3020.087175235692,3002.8178129467415,0.24370194756808702,2177,24243,2026-05-26 15:30:00,0.16164383561643836,synthetic_indian_market_not_live
BANKNIFTY,2026-07-25,50800.0,put,52000.0,1261.2755689402481,1255.649774927323,1270.1759306602717,1262.9128527937974,0.24370194756808702,5706,14057,2026-05-26 15:30:00,0.16164383561643836,synthetic_indian_market_not_live
BANKNIFTY,2026-07-25,52000.0,call,52000.0,2305.267946577817,2295.1542368348705,2313.589210624709,2304.3717237297897,0.2410674064953035,90338,20754,2026-05-26 15:30:00,0.16164383561643836,synthetic_indian_market_not_live
BANKNIFTY,2026-07-25,52000.0,put,52000.0,1754.7899738029446,1744.7062506883854,1758.7199555131915,1751.7131031007884,0.2410674064953035,84885,16713,2026-05-26 15:30:00,0.16164383561643836,synthetic_indian_market_not_live
BANKNIFTY,2026-07-25,53200.0,call,52000.0,1718.1277928197633,1710.970617445122,1730.625922308309,1720.7982698767155,0.23907221895555222,13181,11661,2026-05-26 15:30:00,0.16164383561643836,synthetic_indian_market_not_live
BANKNIFTY,2026-07-25,53200.0,put,52000.0,2356.0583788124954,2341.9341418904155,2368.837835652906,2355.385988771661,0.23907221895555222,19715,12979,2026-05-26 15:30:00,0.16164383561643836,synthetic_indian_market_not_live
BANKNIFTY,2026-07-25,54300.0,call,52000.0,1283.2642657254808,1276.4065565747887,1295.039351667131,1285.72295412096,0.23776961698152907,52112,20667,2026-05-26 15:30:00,0.16164383561643836,synthetic_indian_market_not_live
BANKNIFTY,2026-07-25,54300.0,put,52000.0,3007.9626640137867,2986.8192436720396,3030.4203914870036,3008.6198175795216,0.23776961698152907,83638,18686,2026-05-26 15:30:00,0.16164383561643836,synthetic_indian_market_not_live
BANKNIFTY,2026-07-25,55500.0,call,52000.0,914.3281133847629,904.4126580636807,920.6289699317053,912.520813997693,0.23688719705623326,81952,11264,2026-05-26 15:30:00,0.16164383561643836,synthetic_indian_market_not_live
BANKNIFTY,2026-07-25,55500.0,put,52000.0,3831.007557806881,3788.6979359247666,3856.6300980356286,3822.6640169801976,0.23688719705623326,102695,10194,2026-05-26 15:30:00,0.16164383561643836,synthetic_indian_market_not_live
BANKNIFTY,2026-07-25,56700.0,call,52000.0,631.0001912524128,625.6320805807233,638.896718223535,632.2643994021291,0.2365324966197392,61026,12722,2026-05-26 15:30:00,0.16164383561643836,synthetic_indian_market_not_live
BANKNIFTY,2026-07-25,56700.0,put,52000.0,4721.627252571196,4680.040879893192,4779.267003923957,4729.653941908575,0.2365324966197392,62818,17849,2026-05-26 15:30:00,0.16164383561643836,synthetic_indian_market_not_live
BANKNIFTY,2026-07-25,57800.0,call,52000.0,440.7195557313883,438.0059396853258,448.58373405563447,443.29483687048014,0.2366430101908482,2224,23064,2026-05-26 15:30:00,0.16164383561643836,synthetic_indian_market_not_live
BANKNIFTY,2026-07-25,57800.0,put,52000.0,5627.98867797409,5561.834681725751,5696.152366155356,5628.993523940553,0.2366430101908482,54454,4918,2026-05-26 15:30:00,0.16164383561643836,synthetic_indian_market_not_live
BANKNIFTY,2026-07-25,59000.0,call,52000.0,296.6709194124567,291.79929204245457,299.7689163374529,295.7841041899537,0.23721059174383255,82010,3281,2026-05-26 15:30:00,0.16164383561643836,synthetic_indian_market_not_live
BANKNIFTY,2026-07-25,59000.0,put,52000.0,6619.241909649339,6578.887815877941,6758.570445690013,6668.729130783977,0.23721059174383255,70350,21261,2026-05-26 15:30:00,0.16164383561643836,synthetic_indian_market_not_live
BANKNIFTY,2026-07-25,60200.0,call,52000.0,194.76722392929432,191.66063651495045,197.49096319331562,194.57579985413304,0.23821728274932696,113370,17078,2026-05-26 15:30:00,0.16164383561643836,synthetic_indian_market_not_live
BANKNIFTY,2026-07-25,60200.0,put,52000.0,7772.866398036054,7638.5841002306925,7870.950231713497,7754.7671659720945,0.23821728274932696,26260,12936,2026-05-26 15:30:00,0.16164383561643836,synthetic_indian_market_not_live
BANKNIFTY,2026-07-25,61400.0,call,52000.0,126.4053199653346,124.63842175514624,128.810819431596,126.72462059337113,0.2396369429012169,114357,6740,2026-05-26 15:30:00,0.16164383561643836,synthetic_indian_market_not_live
BANKNIFTY,2026-07-25,61400.0,put,52000.0,8870.085012246325,8728.071795062055,9020.252857408506,8874.16232623528,0.2396369429012169,23628,15087,2026-05-26 15:30:00,0.16164383561643836,synthetic_indian_market_not_live
