,S,call_Delta,call_Gamma,call_Vega,call_Theta,call_Rho,put_Delta,put_Gamma,put_Vega,put_Theta,put_Rho
0,12000.0,1.1176203020151471e-40,2.4142580527827505e-42,5.143361813270867e-36,-5.718822386047364e-36,1.098097372169832e-37,-1.0,2.4142580527827505e-42,5.143361813270867e-36,1551.6879765450794,-1962.09227803382
1,12096.385542168675,8.784884882966822e-40,1.860873322724583e-41,4.0283662259705403e-35,-4.4798664680575684e-35,8.700373102612395e-37,-1.0,1.860873322724583e-41,4.0283662259705403e-35,1551.6879765450794,-1962.09227803382
2,12192.77108433735,6.634607743224082e-39,1.3781521178790133e-40,3.031118341175491e-34,-3.3714502297281714e-34,6.622842504658612e-36,-1.0,1.3781521178790133e-40,3.031118341175491e-34,1551.6879765450794,-1962.09227803382
3,12289.156626506025,4.818224012825935e-38,9.814742191882312e-40,2.192925867235061e-33,-2.4395893194323027e-33,4.847480903255321e-35,-1.0,9.814742191882312e-40,2.192925867235061e-33,1551.6879765450794,-1962.09227803382
4,12385.5421686747,3.367416979656678e-37,6.726770875689904e-39,1.5266432966875297e-32,-1.69867566249432e-32,3.4142785190484735e-34,-1.0,6.726770875689904e-39,1.5266432966875297e-32,1551.6879765450794,-1962.09227803382
5,12481.927710843374,2.2666337792798323e-36,4.4403350973167367e-38,1.0234814306902681e-31,-1.1390274943106149e-31,2.3159529236802483e-33,-1.0,4.4403350973167367e-38,1.0234814306902681e-31,1551.6879765450794,-1962.09227803382
6,12578.313253012047,1.4705094436280691e-35,2.825092547228153e-37,6.612693406801226e-31,-7.360634321497955e-31,1.51403634626696e-32,-1.0,2.825092547228153e-37,6.612693406801226e-31,1551.6879765450794,-1962.09227803382
7,12674.698795180722,9.201849153129045e-35,1.7337052440566695e-36,4.120514560023169e-30,-4.5874592533438574e-30,9.546361658818266e-32,-1.0,1.7337052440566695e-36,4.120514560023169e-30,1551.6879765450794,-1962.09227803382
8,12771.084337349397,5.5579383396514745e-34,1.026958723602486e-35,2.4780463744801288e-29,-2.7594049396348376e-29,5.809588144880482e-31,-1.0,1.026958723602486e-35,2.4780463744801288e-29,1551.6879765450794,-1962.09227803382
9,12867.469879518072,3.242545624273573e-33,5.875803837925902e-35,1.4393105361489182e-28,-1.603050178516265e-28,3.4147702549883466e-30,-1.0,5.875803837925902e-35,1.4393105361489182e-28,1551.6879765450794,-1962.09227803382
10,12963.855421686747,1.8284658867833846e-32,3.24946452811288e-34,8.079436160844965e-28,-9.000397051597293e-28,1.939908815242044e-29,-1.0,3.24946452811288e-34,8.079436160844965e-28,1551.6879765450794,-1962.09227803382
11,13060.240963855422,9.972478858467731e-32,1.738091438656443e-33,4.386073401561823e-27,-4.887040605758166e-27,1.0658406454959407e-28,-1.0,1.738091438656443e-33,4.386073401561823e-27,1551.6879765450794,-1962.09227803382
12,13156.626506024097,5.263985534385683e-31,8.997638647555764e-33,2.3041913127333132e-26,-2.5679082116342415e-26,5.667278085301981e-28,-1.0,8.997638647555764e-33,2.3041913127333132e-26,1551.6879765450794,-1962.09227803382
13,13253.012048192772,2.69087979134967e-30,4.5107766026048375e-32,1.1721451637778712e-25,-1.3065763131010892e-25,2.9181064823165765e-27,-1.0,4.5107766026048375e-32,1.1721451637778712e-25,1551.6879765450794,-1962.09227803382
14,13349.397590361446,1.3329316108740832e-29,2.1913201641796517e-31,5.777368463682311e-25,-6.441357697994493e-25,1.4559228273428336e-26,-1.0,2.1913201641796517e-31,5.777368463682311e-25,1551.6879765450794,-1962.09227803382
15,13445.783132530121,6.401985646033747e-29,1.0321679639938423e-30,2.76072708022722e-24,-3.0786930200906923e-24,7.042807238173189e-26,-1.0,1.0321679639938423e-30,2.76072708022722e-24,1551.6879765450794,-1962.09227803382
16,13542.168674698794,2.9830990529741453e-28,4.716684298949223e-30,1.279717596704457e-23,-1.427428123960461e-23,3.305039692612923e-25,-1.0,4.716684298949223e-30,1.279717596704457e-23,1551.6879765450794,-1962.09227803382
17,13638.55421686747,1.3493154347147024e-27,2.092236583549364e-29,5.757691029346392e-23,-6.423730873606969e-23,1.5054903663561873e-24,-1.0,2.092236583549364e-29,5.757691029346392e-23,1551.6879765450794,-1962.09227803382
18,13734.939759036144,5.927790043225145e-27,9.013883965526733e-29,2.5157435995296097e-22,-2.8074107365274806e-22,6.660252270924077e-24,-1.0,9.013883965526733e-29,2.5157435995296097e-22,1551.6879765450794,-1962.09227803382
19,13831.325301204819,2.5306990267120903e-26,3.773758718246025e-28,1.068077130425557e-21,-1.192187505614608e-21,2.863188341237932e-23,-1.0,3.773758718246025e-28,1.068077130425557e-21,1551.6879765450794,-1962.09227803382
20,13927.710843373494,1.0504750644490875e-25,1.5361210568062958e-27,4.408449002586538e-21,-4.921890659395475e-21,1.1966997036444692e-22,-1.0,1.5361210568062958e-27,4.408449002586538e-21,1551.6879765450794,-1962.09227803382
21,14024.096385542169,4.241820570906691e-25,6.082590407838059e-27,1.769861344624368e-20,-1.976475549113613e-20,4.865421717588653e-22,-1.0,6.082590407838059e-27,1.769861344624368e-20,1551.6879765450794,-1962.09227803382
22,14120.481927710844,1.667088139905433e-24,2.3441255834102302e-26,6.914818873431327e-20,-7.723977436861993e-20,1.9251941469507777e-21,-1.0,2.3441255834102302e-26,6.914818873431327e-20,1551.6879765450794,-1962.09227803382
23,14216.867469879518,6.379958176388389e-24,8.796593970658228e-26,2.6304089386741377e-19,-2.9389582967192207e-19,7.417556443124137e-21,-1.0,8.796593970658228e-26,2.6304089386741377e-19,1551.6879765450794,-1962.09227803382
24,14313.253012048193,2.3786929913625228e-23,3.215857407275396e-25,9.747076520923335e-19,-1.0893226315872562e-18,2.784120448406877e-20,-1.0,3.215857407275396e-25,9.747076520923335e-19,1551.6879765450794,-1962.09227803382
25,14409.638554216868,8.644177843712538e-23,1.1458556962629836e-24,3.519954080767571e-18,-3.934895849072086e-18,1.0184969099885682e-19,-1.0,1.1458556962629836e-24,3.519954080767571e-18,1551.6879765450794,-1962.09227803382
26,14506.024096385543,3.0631797572264576e-22,3.981178135905844e-24,1.2393937300544704e-17,-1.3858677410335596e-17,3.6330798681451783e-19,-1.0,3.981178135905844e-24,1.2393937300544704e-17,1551.6879765450794,-1962.09227803382
27,14602.409638554218,1.058958533465156e-21,1.3493819240544442e-23,4.2568156094231815e-17,-4.7611930870141666e-17,1.264235970863428e-18,-1.0,1.3493819240544442e-23,4.2568156094231815e-17,1551.6879765450794,-1962.09227803382
28,14698.795180722893,3.5729988254691284e-21,4.463631968497805e-23,1.4267659993328865e-16,-1.5962630299811556e-16,4.2934786990488865e-18,-1.0,4.463631968497805e-23,1.4267659993328865e-16,1551.6879765450794,-1962.09227803382
29,14795.180722891566,1.1771172171352407e-20,1.441638559816455e-22,4.668720061056553e-16,-5.224835694066831e-16,1.4236530311052277e-17,-1.0,1.441638559816455e-22,4.668720061056553e-16,1551.6879765450794,-1962.09227803382
30,14891.56626506024,3.78809420694456e-20,4.54798515561628e-22,1.4921094833967826e-15,-1.670325132189133e-15,4.610990246953325e-17,-1.0,4.54798515561628e-22,1.4921094833967826e-15,1551.6879765450794,-1962.09227803382
31,14987.951807228916,1.1912784945887004e-19,1.4020140806596246e-21,4.659484234970354e-15,-5.217544825231439e-15,1.4593414702495364e-16,-1.0,1.4020140806596246e-21,4.659484234970354e-15,1551.6879765450794,-1962.09227803382
32,15084.33734939759,3.6624408733376263e-19,4.225017364703665e-21,1.4222694008478575e-14,-1.5930917846500504e-14,4.515084179765602e-16,-1.0,4.225017364703665e-21,1.4222694008478575e-14,1551.6879765450794,-1962.09227803382
33,15180.722891566265,1.1011899246449738e-18,1.245132771555732e-20,4.2452323461297846e-14,-4.7565672012850307e-14,1.366125803240245e-15,-1.0,1.245132771555732e-20,4.2452323461297846e-14,1551.6879765450794,-1962.09227803382
34,15277.10843373494,3.2393204150003944e-18,3.589867300986075e-20,1.2395430451181624e-13,-1.3892799252161465e-13,4.04387238926348e-15,-1.0,3.589867300986075e-20,1.2395430451181624e-13,1551.6879765450792,-1962.09227803382
35,15373.493975903615,9.326266844213576e-18,1.0129256911623453e-19,3.5417968374133434e-13,-3.970914980687608e-13,1.171516675068453e-14,-1.0,1.0129256911623453e-19,3.5417968374133434e-13,1551.687976545079,-1962.09227803382
36,15469.879518072288,2.6289522059678443e-17,2.7981474902923734e-19,9.907072940693422e-13,-1.1111022037425902e-12,3.322788206953907e-14,-1.0,2.7981474902923734e-19,9.907072940693422e-13,1551.6879765450783,-1962.09227803382
37,15566.265060240963,7.25828029316003e-17,7.570270128390701e-19,2.7138204736249796e-12,-3.0446296474485185e-12,9.230292370389818e-14,-0.9999999999999999,7.570270128390701e-19,2.7138204736249796e-12,1551.6879765450765,-1962.09227803382
38,15662.650602409638,1.963418718597687e-16,2.0065523963763384e-18,7.282523924115857e-12,-8.173029892064401e-12,2.51211205678658e-13,-0.9999999999999998,2.0065523963763384e-18,7.282523924115857e-12,1551.6879765450713,-1962.0922780338199
39,15759.036144578313,5.205578535340118e-16,5.21237119225408e-18,1.9151179835357437e-11,-2.150045811908597e-11,6.700731709625869e-13,-0.9999999999999994,5.21237119225408e-18,1.9151179835357437e-11,1551.687976545058,-1962.0922780338194
40,15855.421686746988,1.3531550732386534e-15,1.3274252051555447e-17,4.937038897801836e-11,-5.544636098392025e-11,1.7523098667947053e-12,-0.9999999999999987,1.3274252051555447e-17,4.937038897801836e-11,1551.687976545024,-1962.0922780338183
41,15951.807228915663,3.4497783516131465e-15,3.3152462500097893e-17,1.2480628993980343e-10,-1.4021701283134385e-10,4.494152177777573e-12,-0.9999999999999966,3.3152462500097893e-17,1.2480628993980343e-10,1551.6879765449391,-1962.0922780338155
42,16048.192771084337,8.628582871451873e-15,8.122517546620094e-17,3.0948800285874144e-10,-3.4783183475841713e-10,1.1307656431732674e-11,-0.9999999999999913,8.122517546620094e-17,3.0948800285874144e-10,1551.6879765447318,-1962.0922780338087
43,16144.578313253012,2.1180155398952565e-14,1.9528544195472134e-16,7.530506301286535e-10,-8.466708560722759e-10,2.7920441831064705e-11,-0.9999999999999788,1.9528544195472134e-16,7.530506301286535e-10,1551.6879765442327,-1962.0922780337921
44,16240.963855421687,5.103805573312266e-14,4.608778130871853e-16,1.7984993966671803e-09,-2.02287681056328e-09,6.767541143863127e-11,-0.9999999999999489,4.608778130871853e-16,1.7984993966671803e-09,1551.6879765430565,-1962.0922780337523
45,16337.349397590362,1.2077182145913605e-13,1.0679921781358718e-15,4.2172773329516534e-09,-4.745302650327182e-09,1.6107562159551692e-10,-0.9999999999998792,1.0679921781358718e-15,4.2172773329516534e-09,1551.6879765403341,-1962.092278033659
46,16433.734939759037,2.807192398276655e-13,2.4307685474133307e-15,9.712187529731488e-09,-1.0932650828041973e-08,3.7657173823307957e-10,-0.9999999999997193,2.4307685474133307e-15,9.712187529731488e-09,1551.6879765341466,-1962.0922780334436
47,16530.12048192771,6.411206808431777e-13,5.435465197456729e-15,2.197301502667413e-08,-2.47445138438309e-08,8.649893230213662e-10,-0.9999999999993588,5.435465197456729e-15,2.197301502667413e-08,1551.6879765203348,-1962.0922780329552
48,16626.506024096387,1.439103089879874e-12,1.1944532700170214e-14,4.885084126598585e-08,-5.50359562183841e-08,1.952731336728678e-09,-0.9999999999985609,1.1944532700170214e-14,4.885084126598585e-08,1551.6879764900434,-1962.0922780318674
49,16722.89156626506,3.1757738255115325e-12,2.580240658791486e-14,1.0675392640104927e-07,-1.2032282556870235e-07,4.3337527834184226e-09,-0.9999999999968242,2.580240658791486e-14,1.0675392640104927e-07,1551.6879764247565,-1962.0922780294864
50,16819.277108433736,6.89178019051151e-12,5.480582541639598e-14,2.293729869572765e-07,-2.586430386068588e-07,9.457894063613503e-09,-0.9999999999931082,5.480582541639598e-14,2.293729869572765e-07,1551.6879762864367,-1962.0922780243623
51,16915.66265060241,1.4711393276258747e-11,1.1449411921721503e-13,4.846878205346867e-07,-5.467890713285112e-07,2.0302517820479564e-08,-0.9999999999852887,1.1449411921721503e-13,4.846878205346867e-07,1551.6879759982903,-1962.0922780135177
52,17012.048192771086,3.0898032330302213e-11,2.3531075544997667e-13,1.0075251181831806e-06,-1.1371501521573987e-06,4.2879006634540675e-08,-0.9999999999691019,2.3531075544997667e-13,1.0075251181831806e-06,1551.6879754079291,-1962.092277990941
53,17108.43373493976,6.38666852488946e-11,4.758964489978573e-13,2.060790594773923e-06,-2.3270473218850443e-06,8.912322943005035e-08,-0.9999999999361333,4.758964489978573e-13,2.060790594773923e-06,1551.6879742180322,-1962.092277944697
54,17204.819277108436,1.2995537332537327e-10,9.473337304615213e-13,4.148624487087501e-06,-4.686949821466328e-06,1.8234690171403302e-07,-0.9999999998700446,9.473337304615213e-13,4.148624487087501e-06,1551.6879718581297,-1962.0922778514732
55,17301.20481927711,2.603743037864095e-10,1.8566028737910933e-12,8.221907922305698e-06,-9.293498391878371e-06,3.673456905630748e-07,-0.9999999997396257,1.8566028737910933e-12,8.221907922305698e-06,1551.687967251581,-1962.0922776664743
56,17397.590361445786,5.13797167058043e-10,3.583142394958462e-12,1.6045127206808627e-05,-1.8145797547254337e-05,7.288302496930084e-07,-0.9999999994862029,3.583142394958462e-12,1.6045127206808627e-05,1551.687958399282,-1962.09227730499
57,17493.975903614457,9.988004220877723e-10,6.811451542730231e-12,3.0840230456757264e-05,-3.489657907802489e-05,1.424480583193704e-06,-0.9999999990011996,6.811451542730231e-12,3.0840230456757264e-05,1551.6879416485003,-1962.0922766093395
58,17590.36144578313,1.913202646103283e-09,1.2756906569280343e-11,5.839770729696978e-05,-6.611495254955366e-05,2.743262035032758e-06,-0.9999999980867974,1.2756906569280343e-11,5.839770729696978e-05,1551.687910430127,-1962.092275290558
59,17686.746987951807,3.6119225563965853e-09,2.3543921039261894e-11,0.00010896213754548438,-0.00012343113612515901,5.206653967781175e-06,-0.9999999963880775,2.3543921039261894e-11,0.00010896213754548438,1551.6878531139432,-1962.092272827166
60,17783.13253012048,6.722166089285949e-09,4.2828775344362307e-11,0.00020037940461086268,-0.0002271194077626304,9.741571819265473e-06,-0.999999993277834,4.2828775344362307e-11,0.00020037940461086268,1551.6877494256717,-1962.0922682922483
61,17879.518072289156,1.2335870188380101e-08,7.680860183956603e-11,0.00036326400951490847,-0.00041198623755694307,1.7971102809001022e-05,-0.9999999876641298,7.680860183956603e-11,0.00036326400951490847,1551.6875645588418,-1962.0922600627173
62,17975.90361445783,2.2326197743377255e-08,1.3582931260360153e-10,0.0006493455366927094,-0.0007368902066497595,3.269569311432162e-05,-0.9999999776738022,1.3582931260360153e-10,0.0006493455366927094,1551.6872396548729,-1962.092245338127
63,18072.289156626506,3.9859990010294777e-08,2.3690647738537617e-10,0.0011447328976837484,-0.0012998864302279324,5.867722730987699e-05,-0.99999996014001,2.3690647738537617e-10,0.0011447328976837484,1551.6866766586493,-1962.0922193565928
64,18168.67469879518,7.021476496239512e-08,4.076137228210083e-10,0.0019906558766727422,-0.0022619334511681955,0.00010389707002513299,-0.999999929785235,4.076137228210083e-10,0.0019906558766727422,1551.6857146116283,-1962.0921741367501
65,18265.060240963856,1.2206140854657958e-07,6.919840090552579e-10,0.003415381107408723,-0.0038834132551271864,0.0001815438683009074,-0.9999998779385915,6.919840090552579e-10,0.003415381107408723,1551.6840931318243,-1962.092096489952
66,18361.44578313253,2.094475463715177e-07,1.1593219602995944e-09,0.00578254081882766,-0.00657949765723994,0.0003131070102722671,-0.9999997905524536,1.1593219602995944e-09,0.00578254081882766,1551.6813970474223,-1962.0919649268099
67,18457.831325301206,3.5481825817355364e-07,1.9171520523274724e-09,0.009663151756202127,-0.01100275908037963,0.0005331185340421072,-0.9999996451817418,1.9171520523274724e-09,0.009663151756202127,1551.676973785999,-1962.091744915286
68,18554.21686746988,5.935479312032634e-07,3.1299380615690372e-09,0.015941232489679793,-0.01816448421866166,0.000896313562649889,-0.9999994064520688,3.1299380615690372e-09,0.015941232489679793,1551.6698120608607,-1962.0913817202575
69,18650.602409638555,9.806380822352802e-07,5.045710089531987e-09,0.0259662310413797,-0.029610006354181307,0.0014882824411429295,-0.9999990193619178,5.045710089531987e-09,0.0259662310413797,1551.6583665387252,-1962.090789751379
70,18746.98795180723,1.6004696616877337e-06,8.033326235399634e-09,0.041769502256191963,-0.04766809497278667,0.0024410832483748777,-0.9999983995303383,8.033326235399634e-09,0.041769502256191963,1551.6403084501067,-1962.0898369505717
71,18843.373493975905,2.580792923550078e-06,1.2633765734433632e-08,0.06636682289647779,-0.07580003986485159,0.003955787725869424,-0.9999974192070764,1.2633765734433632e-08,0.06636682289647779,1551.6121765052144,-1962.088322246094
72,18939.759036144576,4.112499925535401e-06,1.9629573740539562e-08,0.10417431728325446,-0.11908045971537594,0.006334561378561382,-0.9999958875000745,1.9629573740539562e-08,0.10417431728325446,1551.568896085364,-1962.0859434724414
73,19036.14457831325,6.477157324309408e-06,3.013731080402643e-08,0.16157098830668165,-0.18484884199713572,0.010025639369423777,-0.9999935228426757,3.013731080402643e-08,0.16157098830668165,1551.503127703082,-1962.0822523944507
74,19132.530120481926,1.0084778249299783e-05,4.5728535819142746e-08,0.2476469609028587,-0.2835780033148851,0.01568545558641284,-0.9999899152217507,4.5728535819142746e-08,0.2476469609028587,1551.4043985417645,-1962.0765925782337
75,19228.9156626506,1.5524871946859865e-05,6.858537787840736e-08,0.3751820226602251,-0.43001246408233834,0.02426320244812454,-0.9999844751280531,6.858537787840736e-08,0.3751820226602251,1551.257964080997,-1962.068014831372
76,19325.301204819276,2.3634408741709788e-05,1.0169701221782055e-07,0.5619033643093924,-0.6446353433718129,0.03711421637896102,-0.9999763655912582,1.0169701221782055e-07,0.5619033643093924,1551.0433412017078,-1962.055163817441
77,19421.68674698795,3.558694328886513e-05,1.4910320673587865e-07,0.8320736506756237,-0.9555257411634854,0.05614974964005585,-0.9999644130567111,1.4910320673587865e-07,0.8320736506756237,1550.732450803916,-1962.03612828418
78,19518.072289156626,5.300770415665381e-05,2.1619038933879255e-07,1.2184595700574574,-1.400668400415086,0.08403182870664301,-0.9999469922958434,2.1619038933879255e-07,1.2184595700574574,1550.2873081446642,-1962.0082462051134
79,19614.4578313253,7.811991979188856e-05,3.1004423669231296e-07,1.7647255540582678,-2.0307722654962514,0.12442290891774312,-0.9999218800802081,3.1004423669231296e-07,1.7647255540582678,1549.6572042795833,-1961.9678551249024
80,19710.843373493975,0.00011392793146157453,4.3986044474926453e-07,2.528286107501134,-2.9126428217149654,0.1823007806127173,-0.9998860720685384,4.3986044474926453e-07,2.528286107501134,1548.7753337233644,-1961.9099772532072
81,19807.22891566265,0.0001644426505147124,6.174119827431875e-07,3.5836318769026314,-4.133133301871987,0.2643495005229992,-0.9998355573494853,6.174119827431875e-07,3.5836318769026314,1547.5548432432074,-1961.8279285332972
82,19903.614457831325,0.00023495454796868573,8.575666805551402e-07,5.026118172952584,-5.8036706903386035,0.37943682734102013,-0.9997650454520313,8.575666805551402e-07,5.026118172952584,1545.884305854741,-1961.7128412064792
83,20000.0,0.00033235851312426,1.1788434592433062e-06,6.97616951223436,-8.065313088889784,0.5391875317089495,-0.9996676414868757,1.1788434592433062e-06,6.97616951223436,1543.6226634561897,-1961.5530905021112
84,20096.385542168675,0.00046553348410046427,1.6039889957675728e-06,9.583809834103752,-11.094245249234893,0.7586598283135315,-0.9995344665158995,1.6039889957675728e-06,9.583809834103752,1540.5937312958445,-1961.3336182055066
85,20192.77108433735,0.0006457776528258003,2.1605493517513393e-06,13.033376174357524,-15.10755965158615,1.0571288606929332,-0.9993542223471742,2.1605493517513393e-06,13.033376174357524,1536.5804168934933,-1961.0351491731271
86,20289.156626506025,0.0008872972255594421,2.881403469127501e-06,17.548215522569674,-20.36910326136864,1.4589765194792619,-0.9991127027744405,2.881403469127501e-06,17.548215522569674,1531.318873283711,-1960.633301514341
87,20385.5421686747,0.0012077431660986607,3.80521796214001e-06,23.39510324627333,-27.195098137884543,1.9946808217684897,-0.9987922568339014,3.80521796214001e-06,23.39510324627333,1524.492878407195,-1960.0975972120516
88,20481.927710843374,0.0016287861076209915,4.976775965119969e-06,30.88806086004181,-35.959171828255954,2.7018906467989465,-0.998371213892379,4.976775965119969e-06,30.88806086004181,1515.7288047168236,-1959.3903873870213
89,20578.31325301205,0.0021767148035530797,6.447127678929834e-06,40.39119612890355,-47.09636662961836,3.6265629527531678,-0.9978232851964469,6.447127678929834e-06,40.39119612890355,1504.5916099154608,-1958.4657150810667
90,20674.698795180724,0.002883038286197879,8.273507498856096e-06,52.32014543207799,-61.10564203234951,4.824129969514144,-0.9971169617138022,8.273507498856096e-06,52.32014543207799,1490.5823345127299,-1957.268148064306
91,20771.0843373494,0.0037850665797211787,1.051896299398981e-05,67.14167335274347,-78.55034928708042,6.360653697567544,-0.9962149334202788,1.051896299398981e-05,67.14167335274347,1473.137627257999,-1955.7316243362525
92,20867.469879518074,0.0049264397097131115,1.3251645244013197e-05,85.37098395471594,-100.05614847501909,8.31391491414771,-0.9950735602902869,1.3251645244013197e-05,85.37098395471594,1451.6318280700602,-1953.7783631196723
93,20963.85542168675,0.006357570262968823,1.6543718650207954e-05,107.56632788065781,-126.30586352503417,10.774374494053381,-0.9936424297370312,1.6543718650207954e-05,107.56632788065781,1425.3821130200452,-1951.3179035397668
94,21060.240963855424,0.008135961315340206,2.0469861590494395e-05,134.320553685423,-158.0308347907406,13.845936992879773,-0.9918640386846598,2.0469861590494395e-05,134.320553685423,1393.6571417543387,-1948.2463410409403
95,21156.6265060241,0.010326359609647133,2.5105347116566503e-05,166.24935316087257,-195.99843544142155,17.646440965563006,-0.9896736403903529,2.5105347116566503e-05,166.24935316087257,1355.689541103658,-1944.445837068257
96,21253.012048192773,0.013000703852005368,3.052371483906957e-05,203.97608870099307,-240.99556757383098,22.307798246040335,-0.9869992961479946,3.052371483906957e-05,203.97608870099307,1310.6924089712484,-1939.7844797877797
97,21349.39759036145,0.01623783026200482,3.679407034379749e-05,248.11326285173809,-293.80814377681463,27.975706159108196,-0.9837621697379951,3.679407034379749e-05,248.11326285173809,1257.8798327682648,-1934.116571874712
98,21445.783132530123,0.02012290231477037,4.397807565267542e-05,299.2408896648256,-355.1967833260698,34.80886298388086,-0.9798770976852297,4.397807565267542e-05,299.2408896648256,1196.4911932190098,-1927.2834150499393
99,21542.168674698798,0.024746539065286483,5.21267217578423e-05,357.88224465939487,-425.8691989667607,42.977628322094795,-0.9752534609347135,5.21267217578423e-05,357.88224465939487,1125.8187775783188,-1919.1146497117254
100,21638.554216867473,0.03020362649099653,6.127700022170373e-05,424.47769251934614,-506.45000666235273,52.66208643245773,-0.9697963735090035,6.127700022170373e-05,424.47769251934614,1045.2379698827267,-1909.4301916013624
101,21734.939759036148,0.036591808680859435,7.144861322026001e-05,499.3575043103693,-597.4489403335996,64.04949181927729,-0.9634081913191406,7.144861322026001e-05,499.3575043103693,954.2390362114799,-1898.0427862145427
102,21831.32530120482,0.0440096699949444,8.264087820025589e-05,582.7147629057724,-699.2286783760611,77.33110178407631,-0.9559903300050556,8.264087820025589e-05,582.7147629057724,852.4592981690182,-1884.7611762497438
103,21927.710843373494,0.052554634889384944,9.482999270169881e-05,674.5796002981042,-811.9736701388103,92.69842926750623,-0.9474453651106151,9.482999270169881e-05,674.5796002981042,739.7143064062691,-1869.393848766314
104,22024.09638554217,0.06232062815871272,0.00010796682540618726,774.7960986300526,-935.6614711857214,110.33897979238841,-0.9376793718412872,0.00010796682540618726,774.7960986300526,616.0265053593581,-1851.7532982414318
105,22120.481927710844,0.07339555398599584,0.00012197539016467957,883.0032058034195,-1070.0381413043003,130.43156705950165,-0.9266044460140042,0.00012197539016467957,883.0032058034195,481.6498352407792,-1831.6607109743186
106,22216.86746987952,0.08585866644441609,0.00013675214033034136,998.6209579888059,-1214.599218228028,153.1413309550499,-0.9141413335555839,0.00013675214033034136,998.6209579888059,337.08875831705154,-1808.9509470787702
107,22313.253012048193,0.09977791600027813,0.0001521661915814753,1120.8431617282943,-1368.5776475585394,178.61460754401358,-0.9002220839997219,0.0001521661915814753,1120.8431617282943,183.11032898654003,-1783.4776704898065
108,22409.63855421687,0.1152073652398713,0.0001680605437068485,1248.6374696386538,-1530.9398262255463,206.97382124917212,-0.8847926347601287,0.0001680605437068485,1248.6374696386538,20.748150319533124,-1755.1184567846478
109,22506.024096385543,0.13218477173794546,0.0001842543273706601,1380.7534938437122,-1700.390610345155,238.31258324926029,-0.8678152282620546,0.0001842543273706601,1380.7534938437122,-148.70263380007555,-1723.77969478456
110,22602.409638554218,0.15072943616607049,0.00020054605309077685,1515.7392536320526,-1875.3877622360897,272.6911858912439,-0.8492705638339295,0.00020054605309077685,1515.7392536320526,-323.6997856910102,-1689.401092142576
111,22698.795180722893,0.17084040912185278,0.0002167177893915733,1651.96586675138,-2054.165884997034,310.13267975250494,-0.8291595908781473,0.0002167177893915733,1651.96586675138,-502.47790845195436,-1651.9595982813153
112,22795.180722891568,0.192495140748215,0.00023254014839745613,1787.6599892122522,-2234.769440259899,350.6197075732133,-0.8075048592517851,0.00023254014839745613,1787.6599892122522,-683.0814637148198,-1611.4725704606067
113,22891.56626506024,0.21564864330638056,0.0002477779130817568,1920.9431106631243,-2415.093992168466,394.09224783015156,-0.7843513566936194,0.0002477779130817568,1920.9431106631243,-863.4060156233863,-1568.0000302036688
114,22987.951807228914,0.24023321905401396,0.00026219610381640634,2049.8764459414174,-2592.934395876914,440.4463910276861,-0.759766780945986,0.00026219610381640634,2049.8764459414174,-1041.2464193318347,-1521.645887006134
115,23084.33734939759,0.26615878490204187,0.00027556625517521953,2172.509851550521,-2766.038278414737,489.53423515310817,-0.7338412150979581,0.00027556625517521953,2172.509851550521,-1214.3503018696576,-1472.5580428807118
116,23180.722891566264,0.29331380242295707,0.0002876726588976653,2286.932958694621,-2932.1628670659948,541.1649449467458,-0.7066861975770429,0.0002876726588976653,2286.932958694621,-1380.474890520915,-1420.9273330870744
117,23277.10843373494,0.32156679803767296,0.00029831832653412016,2391.326567631107,-3089.1330241084925,595.1069747765181,-0.678433201962327,0.00029831832653412016,2391.326567631107,-1537.445047563413,-1366.985303257302
118,23373.493975903613,0.35076843485330395,0.00030733043575351793,2484.012301210974,-3234.8982593406818,651.0914092914629,-0.649231565146696,0.00030733043575351793,2484.012301210974,-1683.210282795602,-1311.0008687423572
119,23469.87951807229,0.38075407587404125,0.00031456504695179894,2563.498571839628,-3367.586518739243,708.8163320229927,-0.6192459241259587,0.00031456504695179894,2563.498571839628,-1815.8985421941634,-1253.2759460108273
120,23566.265060240963,0.41134675927440256,0.0003199109102311833,2628.5210723188893,-3485.5526869234345,767.9520919716554,-0.5886532407255974,0.0003199109102311833,2628.5210723188893,-1933.864710378355,-1194.140186062165
121,23662.650602409638,0.4423604910515279,0.00032329222494394746,2678.0762474144394,-3587.4199838201143,828.1473039847875,-0.557639508948472,0.00032329222494394746,2678.0762474144394,-2035.732007275035,-1133.9449740490325
122,23759.036144578313,0.47360374937750177,0.0003246702622321105,2711.4465242933607,-3672.1127666506673,889.0353920540825,-0.5263962506224982,0.0003246702622321105,2711.4465242933607,-2120.424790105588,-1073.0568859797377
123,23855.421686746988,0.5048830888061357,0.00032404381246682536,2728.2164566233987,-3738.8796466150134,950.2414667385351,-0.49511691119386425,0.00032404381246682536,2728.2164566233987,-2187.191670069934,-1011.8508112952849
124,23951.807228915663,0.5360067313196641,0.00032144847122567844,2728.2793466909457,-3787.3062714031976,1011.3893194224808,-0.46399326868033586,0.00032144847122567844,2728.2793466909457,-2235.618294858118,-950.7029586113392
125,24048.192771084337,0.5667880349150227,0.00031695482658181036,2711.834328718386,-3817.3175841173284,1072.108317181069,-0.4332119650849773,0.00031695482658181036,2711.834328718386,-2265.629607572249,-889.9839608527512
126,24144.578313253012,0.5970487386498093,0.0003106656544527554,2679.3743013924436,-3829.169820560732,1132.039992247848,-0.40295126135019066,0.0003106656544527554,2679.3743013924436,-2277.4818440156528,-830.0522857859721
127,24240.963855421687,0.6266218951912111,0.00030271226545669564,2631.6654671348683,-3823.4329261082994,1190.8441385824474,-0.37337810480878886,0.00030271226545669564,2631.6654671348683,-2271.74494956322,-771.2481394513728
128,24337.349397590362,0.6553544171563377,0.00029325017459820097,2569.719551766941,-3800.964439692674,1248.2042535399878,-0.3446455828436623,0.00029325017459820097,2569.719551766941,-2249.276463147595,-713.8880244938321
129,24433.734939759037,0.6831091809991496,0.000282454283227051,2494.7600270645844,-3762.876189380691,1303.8321935658214,-0.31689081900085037,0.000282454283227051,2494.7600270645844,-2211.1882128356115,-658.2600844679986
130,24530.12048192771,0.709766650928356,0.00027051377079275433,2408.183831228046,-3710.495360269688,1357.4719474077692,-0.290233349071644,0.00027051377079275433,2408.183831228046,-2158.807383724609,-604.6203306260509
131,24626.506024096387,0.7352260043750637,0.0002576268922699925,2311.520174519946,-3645.321625188858,1408.90246670961,-0.2647739956249363,0.0002576268922699925,2311.520174519946,-2093.633648643778,-553.1898113242099
132,24722.89156626506,0.7594057589680074,0.00024399586660728392,2206.3880302075727,-3568.982071559176,1457.939530219453,-0.24059424103199256,0.00024399586660728392,2206.3880302075727,-2017.2940950140967,-504.15274781436716
133,24819.277108433736,0.7822439180214477,0.00022982202343677143,2094.453849891301,-3483.1856183567343,1504.436652551013,-0.21775608197855234,0.00022982202343677143,2094.453849891301,-1931.4976418116548,-457.65562548280724
134,24915.66265060241,0.8036976665394169,0.00021530135117361603,1977.3909164589086,-3389.678504315222,1548.2850800329409,-0.19630233346058312,0.00021530135117361603,1977.3909164589086,-1837.990527770143,-413.80719800087917
135,25012.048192771086,0.8237426621968957,0.00020062056130792626,1856.8415692476663,-3290.2022544882448,1589.4129435136567,-0.17625733780310426,0.00020062056130792626,1856.8415692476663,-1738.5142779431656,-372.6793345201633
136,25108.43373493976,0.8423719753558101,0.00018595375298361704,1734.3833183086342,-3186.455311505874,1627.7836602207622,-0.1576280246441899,0.00018595375298361704,1734.3833183086342,-1634.7673349607944,-334.30861781305805
137,25204.819277108436,0.8595947387678878,0.00017145973063729453,1611.4996225281166,-3080.0592658689166,1663.3936934043777,-0.14040526123211217,0.00017145973063729453,1611.4996225281166,-1528.371289323837,-298.6985846294423
138,25301.20481927711,0.8754345712275884,0.0001572799971434884,1489.5558541709468,-2972.5303520619354,1696.2697893505783,-0.12456542877241161,0.0001572799971434884,1489.5558541709468,-1420.8423755168562,-265.8224886832419
139,25397.590361445786,0.8899278402303835,0.00014353741694812295,1369.780723553716,-2865.2566088901176,1726.4658165632864,-0.11007215976961648,0.00014353741694812295,1369.780723553716,-1313.5686323450384,-235.62646147053374
140,25493.97590361446,0.9031218269466714,0.0001303355191464079,1253.2532037224619,-2759.480846362908,1754.0593318695203,-0.09687817305332858,0.0001303355191464079,1253.2532037224619,-1207.7928698178287,-208.03294616429972
141,25590.361445783135,0.9150728529102404,0.00011775839013299623,1140.8947857080216,-2656.289328544045,1779.1479935010682,-0.08492714708975957,0.00011775839013299623,1140.8947857080216,-1104.6013519989658,-182.94428453275188
142,25686.74698795181,0.9258444221705456,0.00010587108975998219,1033.4667172110223,-2556.605880371897,1801.845932593249,-0.07415557782945437,0.00010587108975998219,1033.4667172110223,-1004.9179038268178,-160.24634544057113
143,25783.132530120485,0.9355054257260083,9.472051401852317e-05,931.5717359204112,-2461.1909621102504,1822.2801828586723,-0.06449457427399174,9.472051401852317e-05,931.5717359204112,-909.5029855651708,-139.81209517514782
144,25879.518072289156,0.9441284472966535,8.433662098160044e-05,835.6597051184823,-2370.6451307268353,1840.5872543166668,-0.05587155270334654,8.433662098160044e-05,835.6597051184823,-818.957154181756,-121.50502371715339
145,25975.90361445783,0.9517882013406584,7.47339347561346e-05,746.0364935493332,-2285.4162235529425,1856.9099217489013,-0.048211798659341554,7.47339347561346e-05,746.0364935493332,-733.728247007863,-105.18235628491891
146,26072.289156626506,0.9585601260602328,6.591324397104481e-05,662.8754115895546,-2205.809554348885,1871.3942828134743,-0.041439873939767224,6.591324397104481e-05,662.8754115895546,-654.1215778038055,-90.69799522034577
147,26168.67469879518,0.9645191463108511,5.7863416238941275e-05,586.2305179090412,-2132.000401954697,1884.1871251982675,-0.035480853689148883,5.7863416238941275e-05,586.2305179090412,-580.3124254096174,-77.9051528355524
148,26265.060240963856,0.9697386140930213,5.056325737715308e-05,516.0511403088841,-2064.0480923324963,1895.4336274321622,-0.03026138590697869,5.056325737715308e-05,516.0511403088841,-512.3601157874168,-66.65865060165801
149,26361.44578313253,0.9742894278680733,4.3983353250603115e-05,452.1970058816969,-2001.9110204803253,1905.2754044761227,-0.025710572131926734,4.3983353250603115e-05,452.1970058816969,-450.22304393524576,-56.816873557697384
150,26457.831325301206,0.9782393264324597,3.808784222464803e-05,394.4534434080691,-1945.4620235051189,1913.8488973318647,-0.0217606735675403,3.808784222464803e-05,394.4534434080691,-393.7740469600393,-48.243380701955424
151,26554.21686746988,0.9816523485793823,3.283607677105932e-05,342.54619942523453,-1894.503594175148,1921.2840958539718,-0.018347651420617672,3.283607677105932e-05,342.54619942523453,-342.8156176300686,-40.808182179848195
152,26650.602409638555,0.9845884462870292,2.8184143218990185e-05,296.15549350101236,-1848.7825099403838,1927.7035758357536,-0.01541155371297076,2.8184143218990185e-05,296.15549350101236,-297.0945333953043,-34.388702198066404
153,26746.98795180723,0.9871032366671536,2.408621854679914e-05,254.92902332869053,-1808.003540689295,1933.221825261596,-0.012896763332846395,2.408621854679914e-05,254.92902332869053,-256.31556414421556,-28.870452772224084
154,26843.373493975905,0.9892478763166495,2.049575213523019e-05,218.49371247119856,-1771.841985115197,1937.944830296187,-0.010752123683350545,2.049575213523019e-05,218.49371247119856,-220.15400857011775,-24.14744773763289
155,26939.759036144576,0.9910690409414452,1.7366468315087084e-05,186.46606987632262,-1739.9548670378304,1941.9698889651302,-0.008930959058554788,1.7366468315087084e-05,186.46606987632262,-188.266890492751,-20.122389068689902
156,27036.14457831325,0.9926089930518996,1.4653192206065624e-05,158.46109843178198,-1711.9906967729182,1945.3856193763331,-0.007391006948100354,1.4653192206065624e-05,158.46109843178198,-160.30272022783876,-16.706658657486862
157,27132.530120481926,0.9939057210384026,1.2312506705165733e-05,134.09974838922648,-1687.5977669088322,1948.2721295122815,-0.006094278961597421,1.2312506705165733e-05,134.09974838922648,-135.90979036375282,-13.820148521538695
158,27228.9156626506,0.9949931338999485,1.0303252561357092e-05,113.0149597332624,-1666.4310056514719,1950.7013168516958,-0.005006866100051521,1.0303252561357092e-05,113.0149597332624,-114.74302910639238,-11.390961182124284
159,27325.301204819276,0.9959012971965361,8.586886342326306e-06,94.85637539528905,-1648.1574539273315,1952.7372681173738,-0.004098702803463916,8.586886342326306e-06,94.85637539528905,-96.46947738225185,-9.355009916446377
160,27421.68674698795,0.9966566973171348,7.1277128746872295e-06,79.29383500361595,-1632.4604649399957,1954.4367320687495,-0.0033433026828652013,7.1277128746872295e-06,79.29383500361595,-80.77248839491611,-7.655545965070632
161,27518.072289156626,0.9972825227999133,5.893009563548787e-06,66.01977739688981,-1619.0427475428269,1955.8496412559316,-0.0027174772000867486,5.893009563548787e-06,66.01977739688981,-67.35477099774752,-6.242636777888475
162,27614.4578313253,0.9977989531262996,4.853060027620435e-06,54.750690450673645,-1607.6283886190968,1957.0196618448165,-0.002201046873700374,4.853060027620435e-06,54.750690450673645,-55.940412074017274,-5.072616189003632
163,27710.843373493975,0.9982234470664041,3.981113882468998e-06,45.2277500826648,-1597.9639958488888,1957.9847538567383,-0.0017765529335959096,3.981113882468998e-06,45.2277500826648,-46.2760193038092,-4.107524177081671
164,27807.22891566265,0.9985710242268482,3.2532884223498263e-06,37.216787884840535,-1589.8191020869222,1958.777727316782,-0.0014289757731518193,3.2532884223498263e-06,37.216787884840535,-38.131125541842586,-3.3145507170383173
165,27903.614457831325,0.9988545349040115,2.64842653380154e-06,30.507719947030584,-1582.9859673881163,1959.4267827769668,-0.0011454650959884516,2.64842653380154e-06,30.507719947030584,-31.297990843036892,-2.6654952568534447
166,28000.0,0.9990849146501164,2.1479235494199005e-06,24.913559284449562,-1577.278905756418,1959.9560274056214,-0.0009150853498836042,2.1479235494199005e-06,24.913559284449562,-25.590929211338484,-2.136250628198676
167,28096.385542168675,0.9992714211018238,1.7355340266952335e-06,20.269121948498224,-1572.5332521123648,1960.3859602681887,-0.0007285788981762353,1.7355340266952335e-06,20.269121948498224,-20.84527556728543,-1.7063177656313462
168,28192.77108433735,0.9994218515960417,1.397167703564075e-06,16.42952333349828,-1568.6040717955523,1960.7339225442004,-0.0005781484039583118,1.397167703564075e-06,16.42952333349828,-16.91609525047289,-1.3583554896198906
169,28289.156626506025,0.9995427409080077,1.1206822089215453e-06,13.2685471860698,-1565.3647010044158,1961.0145102242393,-0.0004572590919923458,1.1206822089215453e-06,13.2685471860698,-13.676724459336276,-1.077767809580804
170,28385.5421686747,0.9996395391008004,8.956785439667535e-07,10.676956015839723,-1562.705192631504,1961.2399483171666,-0.00036046089919961055,8.956785439667535e-07,10.676956015839723,-11.017216086424487,-0.8523297166533329
171,28481.927710843374,0.9997167699857281,7.133039336287352e-07,8.560798482110508,-1560.530728524154,1961.4204267897699,-0.00028323001427188466,7.133039336287352e-07,8.560798482110508,-8.842751979074654,-0.6718512440501818
172,28578.31325301205,0.9997781710747,5.660653969215155e-07,6.8397572377013445,-1558.7600466877932,1961.5643993835747,-0.00022182892529998277,5.660653969215155e-07,6.8397572377013445,-7.072070142713824,-0.527878650245497
173,28674.698795180724,0.9998268161752217,4.476563095798693e-07,5.445569872126795,-1557.3239206204526,1961.6788471365314,-0.00017318382477826688,4.476563095798693e-07,5.445569872126795,-5.635944075372979,-0.41343089728875826
174,28771.0843373494,0.9998652219529615,3.527973310339871e-07,4.320546130854205,-1556.1637179782829,1961.7695089125361,-0.0001347780470385418,3.527973310339871e-07,4.320546130854205,-4.4757414332032965,-0.32276912128395174
175,28867.469879518074,0.9998954398823738,2.770923329291505e-07,3.4161965297576913,-1555.2300571858063,1961.8410815414816,-0.00010456011762616235,2.770923329291505e-07,3.4161965297576913,-3.5420806407269536,-0.25119649233852603
176,28963.85542168675,0.999919135038103,2.16899385242592e-07,2.6919808020148928,-1554.48157341084,1961.8973923278822,-8.086496189696479e-05,2.16899385242592e-07,2.6919808020148928,-2.79359686576053,-0.19488570593775914
177,29060.240963855424,0.9999376531628879,1.6921641268101913e-07,2.1141792278391898,-1553.8837994570488,1961.9415467261094,-6.234683711214828e-05,1.6921641268101913e-07,2.1141792278391898,-2.1958229119693566,-0.1507313077107137
178,29156.6265060241,0.9999520773938889,1.3158081088010915e-07,1.6548856917128818,-1553.4081624829776,1961.976053931151,-4.792260611108379e-05,1.3158081088010915e-07,1.6548856917128818,-1.72018593789806,-0.11622410266918325
179,29253.012048192773,0.9999632759494822,1.0198209093352576e-07,1.2911181534558676,-1553.0310939069877,1962.002933018698,-3.6724050517800144e-05,1.0198209093352576e-07,1.2911181534558676,-1.3431173619084456,-0.08934501512210273
180,29349.39759036145,0.9999719419815953,7.878648436962462e-08,1.0040399658220276,-1552.733247262213,1962.0238021070236,-2.8058018404664153e-05,7.878648436962462e-08,1.0040399658220276,-1.0452707171336355,-0.06847592679639798
181,29445.783132530123,0.9999786266919601,6.067237239525257e-08,0.7782839792248682,-1552.4988169807477,1962.0399528221242,-2.1373308039862593e-05,6.067237239525257e-08,0.7782839792248682,-0.8108404356683669,-0.05232521169592906
182,29542.168674698794,0.9999837667000419,4.657538810584647e-08,0.6013705064598909,-1552.3149499722401,1962.0524121403582,-1.623329995814604e-05,4.657538810584647e-08,0.6013705064598909,-0.626973427160772,-0.03986589346192867
183,29638.55421686747,0.9999877065403655,3.5642065271276284e-08,0.4632098500713029,-1552.1712412883285,1962.0619934699687,-1.2293459634493686e-05,3.5642065271276284e-08,0.4632098500713029,-0.4832647432488278,-0.03028456385152649
184,29734.939759036144,0.9999907170607862,2.7190960979361916e-08,0.35568010861274874,-1552.0593050128807,1962.0693386224864,-9.282939213761665e-06,2.7190960979361916e-08,0.35568010861274874,-0.3713284678013676,-0.022939411333520312
185,29831.32530120482,0.9999930103932543,2.06802524455547e-08,0.27227127634881826,-1551.9724116848931,1962.0749521230236,-6.989606745722021e-06,2.06802524455547e-08,0.27227127634881826,-0.2844351398137572,-0.017325910796457976
186,29927.710843373494,0.9999947520762847,1.5680893030336735e-08,0.20778714975483428,-1551.9051839572012,1962.079229118929,-5.2479237152569524e-06,1.5680893030336735e-08,0.20778714975483428,-0.2172074121219805,-0.013048914890912157
187,30024.09638554217,0.9999960708244866,1.1854502903843721e-08,0.15809718383434337,-1551.853342745674,1962.0824779718128,-3.929175513395222e-06,1.1854502903843721e-08,0.15809718383434337,-0.16536620059449447,-0.00980006200730647
188,30120.481927710844,0.9999970663654408,8.9352612395524e-09,0.11993114567591116,-1551.813496769866,1962.0849384598746,-2.933634559165732e-06,8.9352612395524e-09,0.11993114567591116,-0.1255202247866516,-0.0073395739453797435
189,30216.86746987952,0.9999978156978803,6.7151559073317635e-09,0.09071014792544486,-1551.7829690795743,1962.0867963763067,-2.184302119734305e-06,6.7151559073317635e-09,0.09071014792544486,-0.09499253449491145,-0.005481657513320136
190,30313.253012048193,0.9999983780671615,5.032030996423112e-09,0.06840837777890275,-1551.7596548657823,1962.0881951849706,-1.6219328384803333e-06,5.032030996423112e-09,0.06840837777890275,-0.07167832070277885,-0.0040828488494663645
191,30409.63855421687,0.999998798903888,3.759950592133528e-09,0.051440543657461014,-1551.7419055422317,1962.0892452858925,-1.2010961120134667e-06,3.759950592133528e-09,0.051440543657461014,-0.05392899715220572,-0.003032747927562603
192,30506.024096385543,0.9999991129286117,2.8014681803998066e-09,0.038570725454639514,-1551.7284347364139,1962.0900313492616,-8.870713883446513e-07,2.8014681803998066e-09,0.038570725454639514,-0.04045819133440767,-0.002246684558595482
193,30602.409638554218,0.9999993465890749,2.0814544966703634e-09,0.028838924823922193,-1551.7182424338494,1962.0906180963123,-6.534109251443709e-07,2.0814544966703634e-09,0.028838924823922193,-0.03026588876974601,-0.0016599375078383014
194,30698.795180722893,0.99999951996575,1.5421925839610403e-09,0.021502163918556375,-1551.7105540700277,1962.0910548373492,-4.800342500166366e-07,1.5421925839610403e-09,0.021502163918556375,-0.02257752494844073,-0.0012231964708684945
195,30795.180722891568,0.9999996482557669,1.1394975633159395e-09,0.01598747249841732,-1551.704771857241,1962.0913790198379,-3.5174423307360314e-07,1.1394975633159395e-09,0.01598747249841732,-0.016795312161565833,-0.0008990139821299897
196,30891.566265060243,0.9999997429240214,8.39660612296004e-10,0.011854535283497274,-1551.7004360686653,1962.0916189916077,-2.57075978615795e-07,8.39660612296004e-10,0.011854535283497274,-0.012459523585723054,-0.0006590422124844601
197,30987.951807228917,0.9999998125927044,6.170524667661311e-10,0.008766146653761683,-1551.697194381527,1962.0917961444986,-1.874072955709849e-07,6.170524667661311e-10,0.008766146653761683,-0.009217836447452159,-0.0004818893214965857
198,31084.337349397592,0.9999998637261219,4.5225203589220433e-10,0.00646494230001352,-1551.6947777084476,1962.09192657108,-1.3627387807080282e-07,4.5225203589220433e-10,0.00646494230001352,-0.006801163368259757,-0.00035146274004853203
199,31180.722891566267,0.999999901155977,3.305910913826968e-10,0.004755151966829912,-1551.6929812255157,1962.092022340289,-9.884402296655992e-08,3.305910913826968e-10,0.004755151966829912,-0.0050046804363020735,-0.00025569353092941624
200,31277.108433734942,0.9999999284828258,2.410270857227378e-10,0.0034883490653929723,-1551.6916495420492,1962.0920924760665,-7.151717418274472e-08,2.410270857227378e-10,0.0034883490653929723,-0.0036729969698482963,-0.00018555775353889416
201,31373.493975903617,0.999999948381809,1.7527356148920132e-10,0.002552366770397909,-1551.690665155339,1962.0921437054483,-5.161819105481413e-08,1.7527356148920132e-10,0.002552366770397909,-0.00268861025962148,-0.00013432837171451742
202,31469.879518072292,0.99999996283467,1.2713187851934234e-10,0.0018627111750536141,-1551.689939498706,1962.0921810284124,-3.716533003572664e-08,1.2713187851934234e-10,0.0018627111750536141,-0.001962953626657923,-9.700540783028629e-05
203,31566.265060240963,0.9999999733052308,9.197959759882268e-11,0.0013559347733988212,-1551.6894060275533,1962.0922081504445,-2.6694769172941335e-08,9.197959759882268e-11,0.0013559347733988212,-0.0014294824740578268,-6.988337552861848e-05
204,31662.650602409638,0.9999999808716549,6.638025217081036e-11,0.0009845421874243154,-1551.6890148999312,1962.0922278097821,-1.9128345130070556e-08,6.638025217081036e-11,0.0009845421874243154,-0.0010383548518653216,-5.022403797382982e-05
205,31759.036144578313,0.9999999863258077,4.778679168717239e-11,0.0007130884403017767,-1551.6887288992702,1962.092242024145,-1.3674192334001134e-08,4.778679168717239e-11,0.0007130884403017767,-0.0007523541906676561,-3.600967519003918e-05
206,31855.421686746988,0.9999999902476577,3.43170173704728e-11,0.0005152015332044945,-1551.688520320737,1962.0922522761537,-9.752342267077552e-09,3.43170173704728e-11,0.0005152015332044945,-0.0005437756575666358,-2.5757666544512897e-05
207,31951.807228915663,0.9999999930608069,2.4584130552645652e-11,0.00037131851389139546,-1551.6883686020678,1962.092259652217,-6.939193109012365e-09,2.4584130552645652e-11,0.00037131851389139546,-0.00039205698824976956,-1.8381603112297292e-05
208,32048.192771084337,0.9999999950738059,1.7569308872283513e-11,0.00026697012311719407,-1551.6882585272651,1962.0922649462343,-4.926194119292404e-09,1.7569308872283513e-11,0.00026697012311719407,-0.0002819821857737737,-1.3087585719140756e-05
209,32144.578313253012,0.9999999965107971,1.2526211203363386e-11,0.00019148558729560554,-1551.6881788693897,1962.092268736782,-3.489202926587609e-09,1.2526211203363386e-11,0.00019148558729560554,-0.0002023243102858307,-9.297038317627865e-06
210,32240.963855421687,0.9999999975341728,8.909649295426508e-12,0.00013701797297419434,-1551.688121368615,1962.092271444385,-2.4658272090860578e-09,8.909649295426508e-12,0.00013701797297419434,-0.00014482353551779407,-6.589435054518945e-06
211,32337.349397590362,0.9999999982612777,6.3224848128412515e-12,9.781321377181998e-05,-1551.6880799653181,1962.0922733738869,-1.738722277266902e-09,6.3224848128412515e-12,9.781321377181998e-05,-0.0001034202386221074,-4.659933139770899e-06
212,32433.734939759037,0.999999998776685,4.476222282078385e-12,6.966368866974951e-05,-1551.6880502264585,1962.0922747456937,-1.2233150048501784e-09,4.476222282078385e-12,6.966368866974951e-05,-7.368137911676184e-05,-3.28812641932208e-06
213,32530.12048192771,0.9999999991411918,3.1618582820404785e-12,4.9501076017874625e-05,-1551.688028917924,1962.0922757187511,-8.58808246739784e-10,3.1618582820404785e-12,4.9501076017874625e-05,-5.237284453624989e-05,-2.315068960998292e-06
214,32626.506024096387,0.9999999993983926,2.22838479663445e-12,3.5093947126133724e-05,-1551.688013686717,1962.092276407391,-6.016074305392749e-10,2.22838479663445e-12,3.5093947126133724e-05,-3.714163767920779e-05,-1.6264291977769921e-06
215,32722.89156626506,0.9999999995794688,1.5669856303381758e-12,2.482385671042722e-05,-1551.6880028255146,1962.0922768936455,-4.205311654459365e-10,1.5669856303381758e-12,2.482385671042722e-05,-2.6280435127742986e-05,-1.1401744617595174e-06
216,32819.27710843374,0.9999999997066673,1.0994532792946505e-12,1.752006431343782e-05,-1551.6879950987866,1962.0922772362271,-2.933326914700274e-10,1.0994532792946505e-12,1.752006431343782e-05,-1.8553707196443482e-05,-7.975931213120274e-07
217,32915.66265060241,0.9999999997958221,7.69724424586315e-13,1.2337903475866053e-05,-1551.687989614773,1962.092277477052,-2.0417789681204113e-10,7.69724424586315e-13,1.2337903475866053e-05,-1.3069693502950504e-05,-5.567681388275933e-07
218,33012.048192771086,0.9999999998581753,5.377125285603724e-13,8.669538744063776e-06,-1551.687985731503,1962.0922776459743,-1.4182466312462338e-10,5.377125285603724e-13,8.669538744063776e-06,-9.186423540358272e-06,-3.878457969124079e-07
219,33108.43373493976,0.9999999999016898,3.74827123283084e-13,6.078678541417343e-06,-1551.6879829880118,1962.092277764205,-9.831024883055761e-11,3.74827123283084e-13,6.078678541417343e-06,-6.442932344026766e-06,-2.696151639518137e-07
220,33204.819277108436,0.9999999999319923,2.607277702544503e-13,4.252951475910174e-06,-1551.6879810541425,1962.0922778467782,-6.800771057413613e-11,2.607277702544503e-13,4.252951475910174e-06,-4.509062954214692e-06,-1.8704182749034623e-07
221,33301.20481927711,0.9999999999530498,1.8097907005732624e-13,2.969266239028527e-06,-1551.6879796940175,1962.0922779043258,-4.6950221488373245e-11,1.8097907005732624e-13,2.969266239028527e-06,-3.1489380501780897e-06,-1.2949439185434816e-07
222,33397.590361445786,0.999999999967652,1.2536128794609097e-13,2.0686861549401335e-06,-1551.687978739533,1962.0922779443476,-3.2348013156990874e-11,1.2536128794609097e-13,2.0686861549401335e-06,-2.194453515223355e-06,-8.947248611518404e-08
223,33493.97590361446,0.9999999999777569,8.665661436654303e-14,1.4382554215833908e-06,-1551.6879780711772,1962.0922779721234,-2.2243096253760086e-11,8.665661436654303e-14,1.4382554215833908e-06,-1.5260977815315854e-06,-6.169682415455549e-08
224,33590.361445783135,0.9999999999847352,5.977949121511778e-14,9.978895252282093e-07,-1551.6879776041897,1962.09227799136,-1.5264789432478665e-11,5.977949121511778e-14,9.978895252282093e-07,-1.0591103055202461e-06,-4.2459925738221126e-08
225,33686.7469879518,0.9999999999895447,4.115512098802267e-14,6.909441235547913e-07,-1551.6879772785994,1962.092278004656,-1.0455303289802487e-11,4.115512098802267e-14,6.909441235547913e-07,-7.335199543813158e-07,-2.9163996937214703e-08
226,33783.13253012048,0.9999999999928526,2.82764946185059e-14,4.774482425018462e-07,-1551.6879770520743,1962.0922780138274,-7.147393787931833e-12,2.82764946185059e-14,4.774482425018462e-07,-5.069948228455847e-07,-1.999283796915104e-08
227,33879.51807228915,0.9999999999951232,1.9389473912288538e-14,3.29261815878342e-07,-1551.687976894803,1962.0922780201406,-4.876765657968463e-12,1.9389473912288538e-14,3.29261815878342e-07,-3.497235004955698e-07,-1.3679478893000581e-08
228,33975.90361445783,0.9999999999966789,1.3269480002867735e-14,2.2661926755735225e-07,-1551.6879767858395,1962.092278024478,-3.3211211558636933e-12,1.3269480002867735e-14,2.2661926755735225e-07,-2.4076012377751644e-07,-9.342011630496365e-09
229,34072.2891566265,0.9999999999977425,9.06353810283701e-15,1.5566869537859797e-07,-1551.6879767105008,1962.0922780274523,-2.2575274982727933e-12,9.06353810283701e-15,1.5566869537859797e-07,-1.6542128868788882e-07,-6.367881245533321e-09
230,34168.67469879518,0.9999999999984682,6.178827530115741e-15,1.0672428072704825e-07,-1551.6879766585162,1962.0922780294875,-1.5317747070753285e-12,6.178827530115741e-15,1.0672428072704825e-07,-1.1343678209579623e-07,-4.33252514266167e-09
231,34265.06024096385,0.9999999999989626,4.204237113647899e-15,7.30282841034302e-08,-1551.6879766227185,1962.0922780308779,-1.0373923942097463e-12,4.204237113647899e-15,7.30282841034302e-08,-7.76391039702351e-08,-2.942297731954858e-09
232,34361.44578313253,0.9999999999992988,2.855284799908687e-15,4.987618031431045e-08,-1551.6879765981166,1962.0922780318256,-7.012168623532489e-13,2.855284799908687e-15,4.987618031431045e-08,-5.3037081402026166e-08,-1.994523973206037e-09
233,34457.8313253012,0.9999999999995268,1.9355346928322265e-15,3.399990761402377e-08,-1551.687976581242,1962.0922780324704,-4.731770530952417e-13,1.9355346928322265e-15,3.399990761402377e-08,-3.6162586221465504e-08,-1.3496049937498776e-09
234,34554.21686746988,0.9999999999996813,1.3096338305493941e-15,2.3134114986356947e-08,-1551.6879765696904,1962.0922780329086,-3.1874503036988244e-13,1.3096338305493941e-15,2.3134114986356947e-08,-2.4610945312098097e-08,-9.115834747685042e-10
235,34650.60240963855,0.9999999999997856,8.845130091190493e-16,1.5711827370893625e-08,-1551.6879765617978,1962.0922780332053,-2.1438406605511773e-13,8.845130091190493e-16,1.5711827370893625e-08,-1.67183784908241e-08,-6.146332733037951e-10
236,34746.98795180723,0.9999999999998561,5.963097465847875e-16,1.0651410698328542e-08,-1551.6879765564156,1962.0922780334065,-1.438849039914203e-13,5.963097465847875e-16,1.0651410698328542e-08,-1.1336136412798886e-08,-4.136880529452471e-10
237,34843.3734939759,0.9999999999999036,4.0129225574038377e-16,7.207789030834966e-09,-1551.6879765527522,1962.0922780335422,-9.636735853746359e-14,4.0129225574038377e-16,7.207789030834966e-09,-7.6727128856188e-09,-2.7795503032095283e-10
238,34939.75903614458,0.9999999999999355,2.6957436874403046e-16,4.868770496599263e-09,-1551.687976550263,1962.0922780336336,-6.45039577307216e-14,2.6957436874403046e-16,4.868770496599263e-09,-5.183864482634484e-09,-1.8643525118024347e-10
239,35036.14457831325,0.9999999999999569,1.8077278098987353e-16,3.2829672791653352e-09,-1551.6879765485755,1962.0922780336953,-4.3076653355456074e-14,1.8077278098987353e-16,3.2829672791653352e-09,-3.496124511392761e-09,-1.248362393592602e-10
240,35132.530120481926,0.9999999999999712,1.2101290877178017e-16,2.209792270007745e-09,-1551.6879765474332,1962.0922780337366,-2.8754776337791554e-14,1.2101290877178017e-16,2.209792270007745e-09,-2.3537285154604083e-09,-8.344870836426405e-11
241,35228.9156626506,0.9999999999999809,8.086900380194072e-17,1.4848464343150203e-09,-1551.6879765466613,1962.0922780337644,-1.9095836023552692e-14,8.086900380194072e-17,1.4848464343150203e-09,-1.581865873153544e-09,-5.568932234529377e-11
242,35325.301204819276,0.9999999999999873,5.395002521003166e-17,9.96011366229777e-10,-1551.6879765461408,1962.092278033783,-1.2656542480726785e-14,5.395002521003166e-17,9.96011366229777e-10,-1.0612904541065037e-09,-3.710262412868571e-11
243,35421.68674698795,0.9999999999999916,3.5930869831428347e-17,6.669712322661077e-10,-1551.6879765457902,1962.0922780337955,-8.43769498715119e-15,3.5930869831428347e-17,6.669712322661077e-10,-7.108166547312714e-10,-2.467883405704941e-11
244,35518.072289156626,0.9999999999999944,2.3890080148338615e-17,4.4587926417124366e-10,-1551.6879765455546,1962.0922780338037,-5.551115123125783e-15,2.3890080148338615e-17,4.4587926417124366e-10,-4.752772331836158e-10,-1.6388486091333157e-11
245,35614.4578313253,0.9999999999999963,1.585800239315953e-17,2.975788417891074e-10,-1551.6879765453966,1962.0922780338092,-3.6637359812630166e-15,1.585800239315953e-17,2.975788417891074e-10,-3.172559468710268e-10,-1.0865607866865182e-11
246,35710.843373493975,0.9999999999999976,1.0509147110402617e-17,1.9827528404072045e-10,-1551.687976545291,1962.0922780338128,-2.4424906541753444e-15,1.0509147110402617e-17,1.9827528404072045e-10,-2.1142340556701768e-10,-7.1924515796475e-12
247,35807.22891566265,0.9999999999999984,6.953150546263045e-18,1.318936701674366e-10,-1551.68797654522,1962.0922780338153,-1.5543122344752192e-15,6.953150546263045e-18,1.318936701674366e-10,-1.4066433593672992e-10,-4.753508404568779e-12
248,35903.614457831325,0.9999999999999989,4.5930157749869725e-18,8.759416475192702e-11,-1551.687976545173,1962.0922780338171,-1.1102230246251565e-15,4.5930157749869725e-18,8.759416475192702e-11,-9.343500572750525e-11,-3.136697166518226e-12
249,36000.0,0.9999999999999993,3.029167482232687e-18,5.808034440454037e-11,-1551.6879765451415,1962.092278033818,-6.661338147750939e-16,3.029167482232687e-18,5.808034440454037e-11,-6.196363327861097e-11,-2.066609708359219e-12
