,S,call,put
0,12000.0,5.125892944880872e-39,11872.122716078145
1,12096.385542168675,4.1081507281851423e-38,11775.73717390947
2,12192.77108433735,3.163363074901368e-37,11679.351631740796
3,12289.156626506025,2.3422523227054496e-36,11582.96608957212
4,12385.5421686747,1.6689635262588728e-35,11486.580547403446
5,12481.927710843374,1.145317418168948e-34,11390.195005234771
6,12578.313253012047,7.575287721829979e-34,11293.809463066098
7,12674.698795180722,4.832661923105485e-33,11197.423920897423
8,12771.084337349397,2.975768480974518e-32,11101.038378728748
9,12867.469879518072,1.769867176117756e-31,11004.652836560073
10,12963.855421686747,1.0174348096784225e-30,10908.267294391399
11,13060.240963855422,5.656983632029491e-30,10811.881752222724
12,13156.626506024097,3.044082378519804e-29,10715.496210054049
13,13253.012048192772,1.5863342681061206e-28,10619.110667885374
14,13349.397590361446,8.0106301647947045e-28,10522.725125716699
15,13445.783132530121,3.922225497000362e-27,10426.339583548024
16,13542.168674698794,1.863142885862061e-26,10329.954041379351
17,13638.55421686747,8.591225467895418e-26,10233.568499210676
18,13734.939759036144,3.8476985166867755e-25,10137.182957042001
19,13831.325301204819,1.6746332616917264e-24,10040.797414873326
20,13927.710843373494,7.086655147998197e-24,9944.411872704652
21,14024.096385542169,2.917363059089961e-23,9848.026330535977
22,14120.481927710844,1.1689249686795622e-22,9751.640788367302
23,14216.867469879518,4.560831324109308e-22,9655.255246198627
24,14313.253012048193,1.733691677405538e-21,9558.869704029952
25,14409.638554216868,6.423542776582808e-21,9462.484161861277
26,14506.024096385543,2.3208764078773578e-20,9366.098619692602
27,14602.409638554218,8.180865039579108e-20,9269.713077523927
28,14698.795180722893,2.81453744772729e-19,9173.327535355253
29,14795.180722891566,9.455008109614029e-19,9076.94199318658
30,14891.56626506024,3.1027456307360934e-18,8980.556451017905
31,14987.951807228916,9.95034445142951e-18,8884.17090884923
32,15084.33734939759,3.1196946849892186e-17,8787.785366680555
33,15180.722891566265,9.566182426377044e-17,8691.39982451188
34,15277.10843373494,2.870018288666181e-16,8595.014282343205
35,15373.493975903615,8.427783471919133e-16,8498.62874017453
36,15469.879518072288,2.4231736715371006e-15,8402.243198005857
37,15566.265060240963,6.824244184430564e-15,8305.857655837184
38,15662.650602409638,1.8831135138969736e-14,8209.472113668508
39,15759.036144578313,5.09331158084537e-14,8113.0865714998345
40,15855.421686746988,1.3507424775760765e-13,8016.701029331158
41,15951.807228915663,3.513477511255424e-13,7920.315487162483
42,16048.192771084337,8.966746762552001e-13,7823.929944993808
43,16144.578313253012,2.2459685806376902e-12,7727.544402825137
44,16240.963855421687,5.523045909295573e-12,7631.158860656462
45,16337.349397590362,1.333804848251822e-11,7534.7733184878
46,16433.734939759037,3.164276464936798e-11,7438.387776319138
47,16530.12048192771,7.376533436662723e-11,7342.002234150506
48,16626.506024096387,1.6902492965119504e-10,7245.61669198193
49,16722.89156626506,3.807957914213294e-10,7149.231149813462
50,16819.277108433736,8.437163539963698e-10,7052.845607645257
51,16915.66265060241,1.838998965698862e-09,6956.460065477571
52,17012.048192771086,3.94423434465551e-09,6860.0745233110065
53,17108.43373493976,8.326327718688913e-09,6763.688981146712
54,17204.819277108436,1.7304741298137355e-08,6667.303438987015
55,17301.20481927711,3.541659096794092e-08,6570.91789683645
56,17397.590361445786,7.139793674888893e-08,6474.532354703755
57,17493.975903614457,1.4181008766670378e-07,6378.146812605497
58,17590.36144578313,2.775713044202323e-07,6281.761270572588
59,17686.746987951807,5.3553712039152e-07,6185.375728661875
60,17783.13253012048,1.0187133208571441e-06,6088.990186976378
61,17879.518072289156,1.9109964610426267e-06,5992.604645699987
62,17975.90361445783,3.5359791546957318e-06,5896.219105156295
63,18072.289156626506,6.454999642787739e-06,5799.83356590664
64,18168.67469879518,1.1628205015000491e-05,5703.448028911171
65,18265.060240963856,2.0675249205802642e-05,5607.062495789538
66,18361.44578313253,3.629114213150918e-05,5510.67696923676
67,18457.831325301206,6.290006299232431e-05,5414.291453677004
68,18554.21686746988,0.00010766869120979253,5317.905956276958
69,18650.602409638555,0.00018205461228167075,5221.5204884941995
70,18746.98795180723,0.0003041392763319245,5125.135068410193
71,18843.373493975905,0.000502094304319467,5028.749724196543
72,18939.759036144576,0.0008192608533061779,4932.36449919442
73,19036.14457831325,0.0013214909540452124,4835.979459255846
74,19132.530120481926,0.0021076139784194925,4739.594703210194
75,19228.9156626506,0.0033241568874367022,4643.210377584433
76,19325.301204819276,0.0051857684539962645,4546.826697027325
77,19421.68674698795,0.008003177551817453,4450.443972267749
78,19518.072289156626,0.012220952347640646,4354.062647873867
79,19614.4578313253,0.01846781404530473,4257.683352566888
80,19710.843373493975,0.02762278211719149,4161.306965366286
81,19807.22891566265,0.04090096588006187,4064.934701381375
82,19903.614457831325,0.059963338567011526,3968.5682215853885
83,20000.0,0.08705529335964624,3872.2097713715084
84,20096.385542168675,0.12517913479067921,3775.8623530442637
85,20192.77108433735,0.17830584312804199,3679.529937583924
86,20289.156626506025,0.25163139664207534,3583.2177209687616
87,20385.5421686747,0.3518825765829803,3486.9324299800282
88,20481.927710843374,0.48767644333192095,3390.682681678103
89,20578.31325301205,0.6699364981536533,3294.4793995642467
90,20674.698795180724,0.91236688635977,3198.336287783779
91,20771.0843373494,1.2319838294661167,3102.2703625582144
92,20867.469879518074,1.6497008002363174,3006.302537360305
93,20963.85542168675,2.1909608151105715,2910.4582552065076
94,21060.240963855424,2.8864056936336056,2814.7681579163545
95,21156.6265060241,3.772568347180652,2719.2687784012305
96,21253.012048192773,4.892570274832224,2624.003238160203
97,21349.39759036145,6.29680266586081,2529.021928382561
98,21445.783132530123,8.043566069103349,2434.383149617126
99,21542.168674698798,10.199640740604536,2340.1536821199516
100,21638.554216867473,12.840757776540727,2246.4092569872155
101,21734.939759036148,16.051940218115305,2153.234897260114
102,21831.32530120482,19.92768368537577,2060.7250985587016
103,21927.710843373494,24.571947912175347,1968.9838206168279
104,22024.09638554217,30.097933900963426,1878.1242644369413
105,22120.481927710844,36.62762629760982,1788.2684146649117
106,22216.86746987952,44.291086916409995,1699.5463331150386
107,22313.253012048193,53.225492943598965,1612.0951969735506
108,22409.63855421687,63.573921944236645,1526.058083805514
109,22506.024096385543,75.48389504342276,1441.5825147360265
110,22602.409638554218,89.1056991370333,1358.8187766609626
111,22698.795180722893,104.59051825902861,1277.9180536142812
112,22795.180722891568,122.08841282658068,1199.0304060131602
113,22891.56626506024,141.7461929515057,1122.3026439694113
114,22987.951807228914,163.70523793895882,1047.8761467881886
115,23084.33734939759,188.09931815500113,975.8846848355606
116,23180.722891566264,215.0524773861116,906.4523018979962
117,23277.10843373494,244.67703349755266,839.6913158407624
118,23373.493975903613,277.0717526013732,775.7004927759062
119,23469.87951807229,312.3202471656241,714.5634451714832
120,23566.265060240963,350.4896417432301,656.3472975804125
121,23662.650602409638,391.62954158107823,601.1016552495839
122,23759.036144578313,435.77132967653415,548.8579011763686
123,23855.421686746988,482.9278073255191,499.62883665667505
124,23951.807228915663,533.0931823296032,453.4086694920843
125,24048.192771084337,586.2433982775419,410.17334327134995
126,24144.578313253012,642.336788143768,369.88119096890114
127,24240.963855421687,701.3150262595445,332.4738869160028
128,24337.349397590362,763.1043448514574,297.877663339239
129,24433.734939759037,827.6169750649406,266.0047513840491
130,24530.12048192771,894.7527678657098,236.7550020161425
131,24626.506024096387,964.4009475145649,210.01763949632277
132,24722.89156626506,1036.441949426593,185.67309923967605
133,24819.277108433736,1110.7492950572414,163.59490270165134
134,24915.66265060241,1187.1914588383443,143.65152431407842
135,25012.048192771086,1265.6336858941504,125.7082092012115
136,25108.43373493976,1345.9397240390608,109.6287051774475
137,25204.819277108436,1427.9734391112506,95.27687808096198
138,25301.20481927711,1511.6002887398827,82.51818554091733
139,25397.590361445786,1596.6886358974698,71.22099052982821
140,25493.97590361446,1683.110889794214,61.25770225789756
141,25590.361445783135,1770.7444676006671,52.50573789567807
142,25686.74698795181,1859.4725759500507,44.84830407638583
143,25783.132530120485,1949.184816026609,38.1750019842716
144,25879.518072289156,2039.7776201899287,32.38226397891958
145,25975.90361445783,2131.1545314581635,27.373633078475905
146,26072.289156626506,2223.2263397574716,23.059899209110654
147,26168.67469879518,2315.911090656038,19.35910793900348
148,26265.060240963856,2409.133983384032,16.196458498323295
149,26361.44578313253,2502.827175363931,13.504108309547291
150,26457.831325301206,2596.92951032193,11.220901098868353
151,26554.21686746988,2691.386186414733,9.292035022995037
152,26650.602409638555,2786.1483797843794,7.668686223968734
153,26746.98795180723,2881.172837643524,6.307601914441136
154,26843.373493975905,2976.4214534866915,5.170675588932227
155,26939.759036144576,3071.860835403022,4.224515336589434
156,27036.14457831325,3167.4618768063738,3.440014571263106
157,27132.530120481926,3263.199337261005,2.791932857225845
158,27228.9156626506,3359.0514395158134,2.2584929433575667
159,27325.301204819276,3454.999487404206,1.8209986630753576
160,27421.68674698795,3551.027507948267,1.463477038465271
161,27518.072289156626,3647.121919840003,1.1723467615215952
162,27614.4578313253,3743.2712294681296,0.9361142209746092
163,27710.843373493975,3839.4657548160612,0.7450974002289001
164,27807.22891566265,3935.6973768695025,0.5911772849986932
165,27903.614457831325,4031.9593176315284,0.4675758783536814
166,28000.0,4128.2459434348675,0.3686595130081223
167,28096.385542168675,4224.5525919513275,0.28976586080128897
168,28192.77108433735,4320.875421110675,0.22705285146954068
169,28289.156626506025,4417.211278038845,0.17736761096669085
170,28385.5421686747,4513.557586094779,0.13813349822696175
171,28481.927710843374,4609.91224810914,0.10725334391238128
172,28578.31325301205,4706.273563996088,0.0830270621857041
173,28674.698795180724,4802.640161007879,0.06408190529847158
174,28771.0843373494,4899.010935022041,0.049313750786979416
175,28867.469879518074,4995.385001383875,0.03783794394738127
176,28963.85542168675,5091.761653965783,0.02894835717953459
177,29060.240963855424,5188.140331244613,0.02208346733315003
178,29156.6265060241,5284.520588334184,0.016798388231073158
179,29253.012048192773,5380.902074039692,0.012741925062017545
180,29349.39759036145,5477.284512121572,0.00963783826617326
181,29445.783132530123,5573.66768606758,0.007269615599186929
182,29542.168674698794,5670.051426772257,0.00546815160819264
183,29638.55421686747,5766.435602612957,0.004101823636784296
184,29734.939759036144,5862.820111490917,0.0030685329169532483
185,29831.32530120482,5959.204874475472,0.002289348796232049
186,29927.710843373494,6055.589830749712,0.0017034543602465202
187,30024.09638554217,6151.974933607449,0.0012641434270606322
188,30120.481927710844,6248.360147295647,0.0009356629462929922
189,30216.86746987952,6344.7454445334515,0.0006907320799442174
190,30313.253012048193,6441.130804570548,0.0005086004990029758
191,30409.63855421687,6537.516211673206,0.0003735344827017553
192,30506.024096385543,6633.901653948378,0.00027364098063764955
193,30602.409638554218,6730.287122433623,0.00019995755070007643
194,30698.795180722893,6826.672610395355,0.00014575060726772747
195,30795.180722891568,6923.058112789644,0.0001059762244388189
196,30891.566265060243,7019.443625849388,7.68672913082618e-05
197,30987.951807228917,7115.8291467692725,5.5618501040082154e-05
198,31084.337349397592,7212.214673466253,4.014680598600929e-05
199,31180.722891566267,7308.600204397993,2.8909869109821143e-05
200,31277.108433734942,7404.985738425723,2.0768923685262827e-05
201,31373.493975903617,7501.371274710989,1.488551506731244e-05
202,31469.879518072292,7597.756812638152,1.0644002425405554e-05
203,31566.265060240963,7694.142351756393,7.593577578401739e-06
204,31662.650602409638,7790.52789173651,5.405020694152873e-06
205,31759.036144578313,7886.913432338712,3.838546166353774e-06
206,31855.421686746988,7983.29897338881,2.7199668702466116e-06
207,31951.807228915663,8079.684514760593,1.9230775272479695e-06
208,32048.192771084337,8176.070056362863,1.3566728445302463e-06
209,32144.578313253012,8272.455598129876,9.550088468484994e-07
210,32240.963855421687,8368.841140014356,6.708142455307469e-07
211,32337.349397590362,8465.226681982404,4.701846079678562e-07
212,32433.734939759037,8561.612224009757,3.2886249763407124e-07
213,32530.12048192771,8657.997766079105,2.295348330934393e-07
214,32626.506024096387,8754.383308178116,1.598746430136986e-07
215,32722.89156626506,8850.768850298042,1.1112599722135157e-07
216,32819.27710843374,8947.154392432676,7.708416023535298e-08
217,32915.66265060241,9043.539934577628,5.3362508459814524e-08
218,33012.048192771086,9139.925476729808,3.6866940960022433e-08
219,33108.43373493976,9236.311018887034,2.5420017030011523e-08
220,33204.819277108436,9332.696561047786,1.7492845556126288e-08
221,33301.20481927711,9429.082103210978,1.201431277591107e-08
222,33397.590361445786,9525.467645375873,8.235673929191437e-09
223,33493.97590361446,9621.853187541954,5.634675535890425e-09
224,33590.361445783135,9718.238729708835,3.8478310805837945e-09
225,33686.7469879518,9814.62427187628,2.622696816447268e-09
226,33783.13253012048,9911.009814044119,1.784320267337264e-09
227,33879.51807228915,10007.395356212219,1.2117072703032157e-09
228,33975.90361445783,10103.780898380508,8.213538480947837e-10
229,34072.2891566265,10200.16644054891,5.557480941332936e-10
230,34168.67469879518,10296.55198271741,3.7536012248511066e-10
231,34265.06024096385,10392.937524885961,2.530742991264753e-10
232,34361.44578313253,10489.323067054549,1.7032756807619782e-10
233,34457.8313253012,10585.708609223173,1.144368799346387e-10
234,34554.21686746988,10682.094151391808,7.675352591287245e-11
235,34650.60240963855,10778.479693560457,5.139122462436668e-11
236,34746.98795180723,10874.865235729114,3.435143474956556e-11
237,34843.3734939759,10971.250777897785,2.2923081199747133e-11
238,34939.75903614458,11067.636320066445,1.5271445824272882e-11
239,35036.14457831325,11164.021862235117,1.0157180297793235e-11
240,35132.530120481926,11260.407404403784,6.744639480415711e-12
241,35228.9156626506,11356.792946572466,4.47140040509549e-12
242,35325.301204819276,11453.178488741138,2.9596082897837947e-12
243,35421.68674698795,11549.564030909805,1.955857949336828e-12
244,35518.072289156626,11645.949573078484,1.2905037621094051e-12
245,35614.4578313253,11742.335115247155,8.501715392792411e-13
246,35710.843373493975,11838.72065741583,5.592236679487904e-13
247,35807.22891566265,11935.106199584505,3.6728444318563014e-13
248,35903.614457831325,12031.49174175318,2.4085950451203675e-13
249,36000.0,12127.877283921858,1.577159107384029e-13
