,-10.0%,-5.0%,+0.0%,+5.0%,+10.0%
-5.0%,36399.103906145814,37702.326035582555,39013.01358484787,40327.597395065386,41643.2623262757
-2.0%,52.15212547644387,1359.0709248753165,2653.558315385796,3936.287801450643,5207.9952406305865
-1.0%,-2256.435395371358,-1322.6891627048417,-388.97262955400856,546.9704727130056,1486.6904260624042
-0.5%,-2010.3347795148939,-1295.2642087149025,-573.5130783207078,157.92103934596616,901.0209481268275
+0.0%,-981.4515500664866,-497.7248136405069,0.0,515.0960586909641,1049.776112086457
+0.5%,725.8865982983752,969.9522981418277,1236.3979745541956,1528.368726093483,1847.9342469470876
+1.0%,3016.2010738654017,3015.5313542457106,3047.044500877539,3112.9583728128673,3214.7226453382027
+2.0%,9005.36122933012,8511.338714824102,8073.245737876785,7689.709986608892,7359.6043602341215
+5.0%,33215.18000124256,31464.173651931895,29822.42754504384,28282.64561139568,26838.150654563833
