,S,finite_difference,analytical
0,0.0,23872.122716078145,23872.122716078145
1,450.0,23422.122716066784,23422.122716078145
2,900.0,22972.122716065616,22972.122716078145
3,1350.0,22522.122716066577,22522.122716078145
4,1800.0,22072.122716065955,22072.122716078145
5,2250.0,21622.122716065962,21622.122716078145
6,2700.0,21172.122716065955,21172.122716078145
7,3150.0,20722.122716066657,20722.122716078145
8,3600.0,20272.122716066144,20272.122716078145
9,4050.0,19822.122716066086,19822.122716078145
10,4500.0,19372.122716065944,19372.122716078145
11,4950.0,18922.122716066002,18922.122716078145
12,5400.0,18472.122716066217,18472.122716078145
13,5850.0,18022.122716066067,18022.122716078145
14,6300.0,17572.1227160666,17572.122716078145
15,6750.0,17122.12271606677,17122.122716078145
16,7200.0,16672.122716066253,16672.122716078145
17,7650.0,16222.12271606651,16222.122716078145
18,8100.0,15772.122716066062,15772.122716078145
19,8550.0,15322.122716066246,15322.122716078145
20,9000.0,14872.122716066191,14872.122716078145
21,9450.0,14422.122716066244,14422.122716078145
22,9900.0,13972.122716066266,13972.122716078145
23,10350.0,13522.122716066224,13522.122716078145
24,10800.0,13072.122716066378,13072.122716078145
25,11250.0,12622.122716066395,12622.122716078145
26,11700.0,12172.12271606628,12172.122716078145
27,12150.0,11722.122716066258,11722.122716078145
28,12600.0,11272.122716066191,11272.122716078145
29,13050.0,10822.122716066202,10822.122716078145
30,13500.0,10372.122716066153,10372.122716078145
31,13950.0,9922.122716066273,9922.122716078145
32,14400.0,9472.122716066388,9472.122716078145
33,14850.0,9022.122716066388,9022.122716078145
34,15300.0,8572.122716066628,8572.122716078145
35,15750.0,8122.122716069519,8122.1227160781455
36,16200.0,7672.122716099595,7672.122716078147
37,16650.0,7222.1227163789345,7222.122716078349
38,17100.0,6772.122718713053,6772.122716085949
39,17550.0,6322.122736248618,6322.122716288042
40,18000.0,5872.122854553402,5872.122720193453
41,18450.0,5422.123570327352,5422.122776257518
42,18900.0,4972.1274477774305,4972.123386455467
43,19350.0,4522.146220542318,4522.128517659927
44,19800.0,4072.227290265498,4072.162444300233
45,20250.0,3622.538906081203,3622.3417303033493
46,20700.0,3173.6027491043715,3173.1107329415136
47,21150.0,2726.821956775726,2725.8274054199064
48,21600.0,2285.4417920085425,2283.8435915444315
49,22050.0,1855.8446046196916,1853.8716123578415
50,22500.0,1448.540998742374,1446.813654433754
51,22950.0,1077.690716519758,1076.8981684987157
52,23400.0,758.2476058285882,758.6001640454451
53,23850.0,501.33115723412817,502.3179684742936
54,24300.0,310.20193276578095,310.95541045672144
55,24750.0,179.31788860645864,179.24013714922057
56,25200.0,96.88112517556792,95.9555238353314
57,25650.0,49.01956547181834,47.64577416089037
58,26100.0,23.300048942109964,21.936564207348738
59,26550.0,10.442554522168733,9.36969722444013
60,27000.0,4.430355629905186,3.7169397208884902
61,27450.0,1.7864252621336105,1.3716221765701277
62,27900.0,0.6872713867382707,0.4717334585377344
63,28350.0,0.25320123081808926,0.15152680851618783
64,28800.0,0.0896377202281616,0.04556056558276289
65,29250.0,0.030590484539269873,0.012853003523061846
66,29700.0,0.010093130214007276,0.0034100327550494747
67,30150.0,0.003228326875280074,0.0008528498338373908
68,30600.0,0.0010034844845061045,0.00020153809274952791
69,31050.0,0.0003038110452415576,4.5102856598355605e-05
70,31500.0,8.97740584679845e-05,9.580344534410902e-06
71,31950.0,2.594007283221106e-05,1.9356584686207486e-06
72,32400.0,7.341997299582969e-06,3.727841246732824e-07
73,32850.0,2.0387651176430296e-06,6.857195553042271e-08
74,33300.0,5.562383411197693e-07,1.2071010928904332e-08
75,33750.0,1.493052864053067e-07,2.0373436030984505e-09
76,34200.0,3.9476952980003205e-08,3.3028757554012635e-10
77,34650.0,1.0293382537131924e-08,5.152049941753622e-11
78,35100.0,2.649553441750123e-09,7.745505759256711e-12
79,35550.0,6.739179792056475e-10,1.1240709596625853e-12
80,36000.0,1.6953123062321065e-10,1.577159107384029e-13
81,36450.0,4.221442280685634e-11,2.1425501240193415e-14
82,36900.0,1.0412973850300165e-11,2.8220801555810523e-15
83,37350.0,2.5462568430271913e-12,3.608893661995651e-16
84,37800.0,6.176356056371636e-13,4.486463298088493e-17
85,38250.0,1.4870808105681322e-13,5.428686664943608e-18
86,38700.0,3.5559881484780647e-14,6.401161984361812e-19
87,39150.0,8.449758297913659e-15,7.363553140043552e-20
88,39600.0,1.9962089669787183e-15,8.272773833632278e-21
89,40050.0,4.690842835919632e-16,9.086588055143657e-22
90,40500.0,1.0969110063205075e-16,9.767164688401253e-23
91,40950.0,2.5535715716819637e-17,1.0284145518825242e-23
92,41400.0,5.9203888814594746e-18,1.0616878267714256e-24
93,41850.0,1.3675309900524653e-18,1.0755606271537e-25
94,42300.0,3.148172697753491e-19,1.070156424753404e-26
95,42750.0,7.225288943794935e-20,1.0466076172441651e-27
96,43200.0,1.6537119711893697e-20,1.0068864184861614e-28
97,43650.0,3.775700696162139e-21,9.535844000761183e-30
98,44100.0,8.601738810579173e-22,8.896700413779563e-31
99,44550.0,1.9558578591258127e-22,8.18251245933889e-32
100,45000.0,4.4397226952270304e-23,7.423643748863183e-33
101,45450.0,1.0063320810979389e-23,6.648043426687057e-34
102,45900.0,2.2781783098217165e-24,5.880030456978189e-35
103,46350.0,5.1520964270733865e-25,5.13956892824647e-36
104,46800.0,1.16416449145454e-25,4.44199140547867e-37
105,47250.0,2.6288063342453807e-26,3.7980938718791803e-38
106,47700.0,5.933245666597173e-27,3.2145091277470735e-39
107,48150.0,1.3387123364029938e-27,2.6942631161086887e-40
108,48600.0,3.020031129011736e-28,2.2374268105794533e-41
109,49050.0,6.812858246231561e-29,1.8417910660011374e-42
110,49500.0,1.5371008570106914e-29,1.5035095990715756e-43
111,49950.0,3.4688752504823846e-30,1.2176731800859922e-44
112,50400.0,7.831476199373205e-31,9.787942157514704e-46
113,50850.0,1.768967319764392e-31,7.811940677391034e-47
114,51300.0,3.998224939772635e-32,6.192952674441184e-48
115,51750.0,9.043435457143369e-33,4.8782735367429244e-49
116,52200.0,2.0472162884789585e-33,3.819587993830834e-50
117,52650.0,4.638751991466044e-34,2.973689882798868e-51
118,53100.0,1.0521719658599868e-34,2.3027406470664112e-52
119,53550.0,2.3892384319301077e-35,1.7741928096758255e-53
120,54000.0,5.4319609478528455e-36,1.3604867491950613e-54
121,54450.0,1.2365554412752475e-36,1.0386089132897892e-55
122,54900.0,2.8187989817587184e-37,7.89579643865774e-57
123,55350.0,6.434878365708978e-38,5.9792065889852475e-58
124,55800.0,1.4712041990486672e-38,4.51136767656899e-59
125,56250.0,3.3689236319235784e-39,3.392338759067863e-60
126,56700.0,7.727212018378507e-40,2.5428568638250954e-61
127,57150.0,1.7753929804673117e-40,1.9005441532436339e-62
128,57600.0,4.086311743726199e-41,1.4166592485869377e-63
129,58050.0,9.42232245324523e-42,1.0533648126772242e-64
130,58500.0,2.176691689760787e-42,7.81464817636922e-66
131,58950.0,5.038140974716541e-43,5.785558905668952e-67
132,59400.0,1.168420267533481e-43,4.275347705766123e-68
133,59850.0,2.7152084346960415e-44,3.1540588623999304e-69
134,60300.0,6.322686084158696e-45,2.323376138382735e-70
135,60750.0,1.4754094448684447e-45,1.7092163141735119e-71
136,61200.0,3.4502716053113204e-46,1.2559607212087474e-72
137,61650.0,8.086121756745366e-47,9.219933925344671e-74
138,62100.0,1.8992810885236973e-47,6.762714077850728e-75
139,62550.0,4.471107927391534e-48,4.9570361534534334e-76
140,63000.0,1.0549509388726265e-48,3.631575558811873e-77
141,63450.0,2.4949058006933276e-49,2.6595117726664933e-78
142,63900.0,5.914169311817001e-50,1.9471632335151998e-79
143,64350.0,1.4052816452373857e-50,1.4254570863109452e-80
144,64800.0,3.347146546487467e-51,1.0435494610462113e-81
145,65250.0,7.991696015491567e-52,7.640695495421304e-83
146,65700.0,1.912787192891288e-52,5.59584573620632e-84
147,66150.0,4.589526644529955e-53,4.0997919308652125e-85
148,66600.0,1.1039572192791956e-53,3.0051744351095767e-86
149,67050.0,2.6621270894790445e-54,2.2041250855215827e-87
150,67500.0,6.435853345397437e-55,1.617732740548039e-88
151,67950.0,1.5598846462947778e-55,1.1882971757053536e-89
152,68400.0,3.7904918429878726e-56,8.736417664331156e-91
153,68850.0,9.234698611680018e-57,6.429431779629308e-92
154,69300.0,2.2556976681381693e-57,4.736768278377731e-93
155,69750.0,5.5242882649571584e-58,3.493816996412922e-94
156,70200.0,1.3564702256016654e-58,2.5802599617791853e-95
157,70650.0,3.3389120979304293e-59,1.9081286422489174e-96
158,71100.0,8.212684018951294e-60,1.4130810975421265e-97
159,71550.0,1.9134107127094953e-60,1.048033045922986e-98
160,72000.0,0.0,7.785085651895145e-100
