,S,quantum,black_scholes,finite_difference
0,10783.895138813305,7046.38090679542,13088.22757726484,13088.227577253068
1,10851.771517399735,7632.437316723273,13020.35119867841,13020.351198666645
2,10920.075125916603,8195.576698458886,12952.047590161543,12952.04759014978
3,10988.808653449842,8727.871759844333,12883.314062628304,12883.314062616544
4,11057.974806011065,9222.58771696823,12814.14791006708,12814.147910055322
5,11127.576306644221,9674.41004705747,12744.546409433924,12744.54640942217
6,11197.615895532721,10079.578673435222,12674.506820545424,12674.506820533672
7,11268.096330107352,10435.925188169133,12604.026385970794,12604.026385959038
8,11339.020385154765,10742.818110137947,12533.10233092338,12533.102330911608
9,11410.39085292683,11001.028421918472,12461.731863151315,12461.731863139525
10,11482.21054325049,11212.533023485848,12389.912172827655,12389.912172815844
11,11554.482283638401,11380.276873627552,12317.640432439744,12317.640432427916
12,11627.20891940027,11507.915371855135,12244.913796677876,12244.91379666603
13,11700.393313754792,11599.557172670928,12171.729402323353,12171.729402311488
14,11774.038347942498,11659.524560970682,12098.084368135647,12098.084368123778
15,11848.146921339108,11692.144334370252,12023.975794739037,12023.975794727165
16,11922.721951569692,11701.577460558941,11949.400764508453,11949.400764496577
17,11997.766374623567,11691.69118413893,11874.356341454579,11874.356341442699
18,12073.283144969786,11665.973212308976,11798.83957110836,11798.839571096476
19,12149.275235673602,11627.48442327915,11722.847480404544,11722.847480392657
20,12225.745638513412,11578.84436330503,11646.377077564734,11646.377077552836
21,12302.697364098596,11522.242627543948,11569.42535197955,11569.425351967639
22,12380.133441987955,11459.468941124229,11491.98927409019,11491.989274078269
23,12458.056920809111,11391.955180545549,11414.065795269034,11414.065795257102
24,12536.470868378448,11320.823480330186,11335.651847699697,11335.651847687752
25,12615.378371821906,11246.935737923543,11256.74434425624,11256.744344244285
26,12694.782537696548,11170.941073071925,11177.340178381597,11177.340178369644
27,12774.686492112774,11093.318972785228,11097.436223965371,11097.43622395342
28,12855.093380857523,11014.416865396845,11017.029335220623,11017.029335208674
29,12936.006369518038,10934.481669181489,10936.116346560108,10936.11634654816
30,13017.428643606518,10853.68544226471,10854.694072471628,10854.694072459684
31,13099.363408685544,10772.145637954665,10772.759307392602,10772.759307380653
32,13181.813890494199,10689.940676134791,10690.308825583947,10690.308825571989
33,13264.783335075195,10607.121616812608,10607.33938100295,10607.339380990983
34,13348.27500890258,10523.720705968468,10523.847707175566,10523.84770716359
35,13432.292199010384,10439.75749139432,10439.830517067761,10439.830517055776
36,13516.838213121935,10355.243105117173,10355.28450295621,10355.284502944221
37,13601.916379780216,10270.183199518267,10270.20633629793,10270.206336285964
38,13687.530048478826,10184.579919638703,10184.59266759932,10184.592667587378
39,13773.682589793867,10098.433201900652,10098.440126284278,10098.440126272359
40,13860.377395516663,10011.741612774753,10011.745320561482,10011.745320549586
41,13947.617878787201,9924.502880102069,9924.504837290944,9924.504837279072
42,14035.40747422865,9836.714223429915,9836.715241849495,9836.715241837644
43,14123.74963808248,9748.372555612885,9748.373077995666,9748.373077983837
44,14212.647848344583,9659.474603607305,9659.474867733563,9659.474867721758
45,14302.105604902108,9570.01697953603,9570.017111176037,9570.017111164254
46,14392.12642967139,9479.996221735526,9479.996286406755,9479.996286394995
47,14482.713866736514,9389.408818025007,9389.408849341631,9389.408849329873
48,14573.871482488861,9298.251218641617,9298.251233589284,9298.251233577526
49,14665.60286576755,9206.519843278258,9206.519850310595,9206.519850298837
50,14757.911628000618,9114.21108481653,9114.211088077527,9114.21108806577
51,14850.801403347366,9021.321311240317,9021.321312730779,9021.321312719021
52,14944.275848841316,8927.846866565385,8927.846867236829,8927.846867225122
53,15038.33864453423,8833.784071245776,8833.784071543916,8833.784071532258
54,15132.993493641003,8739.129222306683,8739.129222437143,8739.129222425536
55,15228.24412268536,8643.87859333651,8643.878593392785,8643.878593381229
56,15324.094281646727,8548.028434407488,8548.028434431419,8548.028434420055
57,15420.547744107755,8451.574971960352,8451.57497197039,8451.574971959648
58,15517.608307402945,8354.51440867107,8354.5144086752,8354.514408665082
59,15615.27979276803,8256.842923308433,8256.842923310114,8256.842923300625
60,15713.566045490585,8158.556670586879,8158.556670587563,8158.5566705787005
61,15812.470935061308,8059.651781016559,8059.651781016837,8059.651781012386
62,15911.998355326381,7960.124360751644,7960.1243607517645,7960.124360753965
63,16012.152224640799,7859.970491437314,7859.970491437347,7859.970491446242
64,16112.936486022521,7759.186230055609,7759.186230055628,7759.186230071255
65,16214.355107307883,7657.767608770253,7657.767608770264,7657.767608800623
66,16316.412081307684,7555.710634770457,7555.710634770472,7555.710634864174
67,16419.111425964416,7453.011290113738,7453.011290113758,7453.011290271193
68,16522.457184510477,7349.665531567741,7349.665531567738,7349.6655317892855
69,16626.453425627238,7245.669290451075,7245.669290451075,7245.66929073708
70,16731.1042436054,7141.018472473155,7141.018472473152,7141.018473194215
71,16836.413758506056,7035.708957573069,7035.708957573061,7035.708958839793
72,16942.386116322978,6929.736599757515,6929.736599757445,6929.736601572543
73,17049.025489145693,6823.0972269378535,6823.097226937716,6823.097229302958
74,17156.336075323954,6715.786640766493,6715.7866407661895,6715.786645584399
75,17264.32209963287,6607.800616472906,6607.80061647225,6607.800625483473
76,17372.987813439293,6499.134902700047,6499.134902698639,6499.134915911528
77,17482.3374948692,6389.785221342604,6389.785221339582,6389.785238742751
78,17592.37544897602,6279.747267389852,6279.747267383576,6279.747298413082
79,17703.106007910286,6169.016708778594,6169.016708765746,6169.016768589828
80,17814.53353109008,6057.58918626632,6057.589186240399,6057.589274704275
81,17926.6624053727,5945.460313343519,5945.460313291969,5945.460429900285
82,18039.49704522737,5832.625676219487,5832.625676118463,5832.625872150379
83,18153.041892908946,5719.08083394311,5719.080833748143,5719.081205074234
84,18267.301418632967,5604.821318766474,5604.821318395734,5604.821861092418
85,18382.280120751544,5489.842636937171,5489.842636242538,5489.843341859974
86,18497.982525930493,5374.14027023377,5374.140268951407,5374.1414578409685
87,18614.413189327446,5257.709678766339,5257.7096764338785,5257.711797675314
88,18731.576694771367,5140.546305891917,5140.546301711856,5140.549301777268
89,18849.477654942886,5022.645586601729,5022.645579220742,5022.649357505942
90,18968.12071155593,4904.002961503508,4904.002948662219,4904.009578030616
91,19087.510535540503,4784.613899654023,4784.61387764167,4784.624734661811
92,19207.651827226447,4664.473935127285,4664.473897949261,4664.488454940804
93,19328.54931652869,4543.57872449234,4543.5786626239205,4543.596009149989
94,19450.207763133312,4421.92413549778,4421.92403405653,4421.9565103326
95,19572.631956685032,4299.506381396159,4299.5062175172425,4299.554372104173
96,19695.826716975607,4176.3222206381115,4176.321959786048,4176.381805958296
97,19819.796894133808,4052.3692481966327,4052.3688390977404,4052.4441050768323
98,19944.547368816227,3927.646312483514,3927.645680326208,3927.78001755203
99,20070.083052399452,3802.154100416044,3802.153137951267,3802.331264867561
100,20196.40888717348,3675.895942109388,3675.8944983083093,3676.0929081558625
101,20323.529846536123,3548.8788949560767,3548.8767609645583,3549.1828911322627
102,20451.45093518906,3421.1151731187542,3421.112065406207,3421.5642201630585
103,20580.177189334685,3292.623990864532,3292.6195317172605,3293.142287189369
104,20709.713676874457,3163.4338844772783,3163.4275803406817,3163.958561881273
105,20840.065497608426,3033.5855652362184,3033.5767838669926,3034.5392513279303
106,20971.237783435874,2903.1353327327606,2903.123280661741,2904.3053451200485
107,21103.235698557586,2772.1590416501904,2772.142744039138,2773.2517160004754
108,21236.064439679005,2640.756565042178,2640.734850581932,2642.406097739916
109,21369.729236214862,2509.0566336076267,2509.0281275636517,2511.3016756986526
110,21504.235350495088,2377.221855981865,2377.18498474676,2379.372051513764
111,21639.58807797186,2245.4536445497642,2245.4066550044627,2247.6486210066714
112,21775.792747428288,2113.9966921356304,2113.9376886563623,2117.6194145450954
113,21912.85472118805,1983.1425767617418,1983.0695777765904,1986.771773600299
114,22050.77939532661,1853.2320256104683,1853.1430401923099,1855.1391590042883
115,22189.572199883474,1724.6553567852086,1724.5484799241203,1729.5151373024278
116,22329.23859907622,1597.8506485582063,1597.724171616137,1603.1004083888588
117,22469.78409151546,1473.2992675289809,1473.1517981522193,1475.8899953659572
118,22611.21421042135,1351.5185216436835,1351.3491053586113,1356.8880624714348
119,22753.534523841492,1233.0513872360445,1232.8596213791388,1239.6002215872766
120,22896.75063486996,1118.4534800854085,1118.2396099040416,1121.5741433789808
121,23040.868181868154,1008.2776811908603,1008.042668123282,1013.1857950112822
122,23185.892838686603,903.0570654280604,902.8026188550084,910.2366227868276
123,23331.830314888426,803.2869894261133,803.0155555665642,806.6394641994298
124,23478.686355973965,709.4073480526712,709.1220529878792,713.3235633182093
125,23626.466743607212,621.7860848105752,621.4906325500742,628.9519802901058
126,23775.17729584328,540.7050254120531,540.4035560400716,544.0493426256352
127,23924.82386735749,466.3489908272127,466.04590760458086,469.5510955902186
128,24075.412349675906,398.79894244044266,398.49871981565775,405.59140705825314
129,24226.94867140713,338.029634856813,337.73662126926865,341.2291411665305
130,24379.43879847595,283.91192785111514,283.6301577401091,287.0968856375819
131,24532.888734358035,236.21957039243114,235.95259888884812,242.46544522816808
132,24687.304520316364,194.6399508748663,194.39072236953962,197.5530840097985
133,24842.69223563908,158.78804029139081,158.55879873960657,162.33733771477173
134,24999.057997878674,128.22256411631506,128.01480897142483,133.69225471380196
135,25156.407963093086,102.46333950948288,102.27782706130301,104.86687280660324
136,25314.748326087887,81.00871138872643,80.84549748684503,84.67660548676629
137,25474.08532066027,63.35210719647278,63.210624261791054,67.72967864511716
138,25634.425219844266,48.996889708560694,48.8760488525204,50.67608385025483
139,25795.774336158018,37.46889733415492,37.36720543724982,40.68790891976633
140,25958.139021852083,28.32629625238812,28.24197797495208,31.40803954743431
141,26121.525669159586,21.16660302288247,21.097718774408463,22.68501300632135
142,26285.94071054793,15.630948008683507,15.575500639412326,17.987311945865716
143,26451.39061897183,11.405822669498761,11.361847776765558,13.260042447332212
144,26617.881908128453,8.222677842018504,8.188314811790974,9.535622226936244
145,26785.42113271366,5.855812613794817,5.829355592807758,7.297224137020939
146,26954.014888680176,4.119017339812326,4.098947068099761,5.044737041766654
147,27123.66981349704,2.8614172360908148,2.8464159537591343,3.7037459066130323
148,27294.392586411246,1.962915012943336,1.9518674536722358,2.700681187106272
149,27466.189928710493,1.3295633432095146,1.321547169522347,1.746880322390248
150,27639.068603987846,0.8891212283630038,0.8833902242570773,1.3246130648251055
151,27813.03541840807,0.5869715375794157,0.5829345525049234,0.8996879575802761
152,27988.097220975396,0.3825069178034957,0.3797050580631556,0.6022927768606596
153,28164.260903803435,0.2460322390388359,0.24411622599515326,0.4323652273659036
154,28341.533402386347,0.15618581058016487,0.15489484888936644,0.26136811380980435
155,28519.921695871923,0.0978489707356411,0.09699195051014442,0.19143903281318778
156,28699.432807336412,0.06049314829251042,0.059932576021432205,0.12619132707756167
157,28880.073804060805,0.03690312635703083,0.0365418537986586,0.07913074960397387
158,29061.851797809377,0.02221266025967338,0.021983256165850396,0.05527855395969427
159,29244.773945109475,0.013191473431843416,0.01304794756735883,0.03127622697225636
160,29428.847447533317,0.007728898882747516,0.007640423591876111,0.022444041200916077
161,29614.079551981566,0.004467361474166214,0.004413624073804467,0.014006778806938734
162,29800.47755096843,0.0025472554226956116,0.0025150970456459254,0.008560333264329036
163,29988.048782909074,0.0014327213975595626,0.0014137598226090231,0.0056989118881616745
164,30176.800632408333,0.0007948768249060751,0.0007838609864463247,0.0030958220239876095
165,30366.74053055153,0.0004349794520593149,0.00042867389415776613,0.0021567412749025467
166,30557.875955196843,0.00023477474990114494,0.00023121849977799855,0.0012117497301703827
167,30750.21443127,0.00012497742323245052,0.00012300125483503954,0.0007699266006086624
168,30943.763531060347,6.561360390955459e-05,6.453162691294739e-05,0.0004689906799045088
169,31138.53087451904,3.3972207358734925e-05,3.338852695019016e-05,0.00026170241942270224
170,31334.52412955886,1.7346317847986378e-05,1.7036079846592883e-05,0.00016848062889677497
171,31531.751012356388,8.734363420234407e-06,8.571892408404305e-06,8.52700725420313e-05
172,31730.21928765559,4.336938373583602e-06,4.253103071707055e-06,5.711669246512923e-05
173,31929.936769073567,2.1234933055473233e-06,2.0808720438152584e-06,2.8786108376133553e-05
174,32130.911319408217,1.0252350756073417e-06,1.0038846233131503e-06,1.8463178647630132e-05
175,32333.15085094757,4.880774945933395e-07,4.775407196393948e-07,1.0104809573736252e-05
176,32536.66332578165,2.2910776112876272e-07,2.239829311797149e-07,5.7314254165247705e-06
177,32741.456756115673,1.0603707699925544e-07,1.0358277591756457e-07,3.3179429489752957e-06
178,32947.53920458558,4.8388017711951294e-08,4.723010630215179e-08,1.7174218230677003e-06
179,33154.918784575486,2.176978726276969e-08,2.123245083894895e-08,1.0342089780917283e-06
180,33363.6036605369,9.65726411850828e-09,9.41071513639928e-09,4.987218258457631e-07
181,33573.60204831049,4.222411568226337e-09,4.1122382655175325e-09,3.0882119157505666e-07
182,33784.92221544928,1.8226236985149655e-09,1.7715738329471968e-09,1.4078206702238668e-07
183,33997.57248154425,7.752754427741193e-10,7.524161814367661e-10,8.888201296092474e-08
184,34211.5612185519,3.2490248538745036e-10,3.15041478617472e-10,3.872718045552596e-08
185,34426.896851123594,1.3339492286232718e-10,1.3004128315594262e-10,2.4762152451045216e-08
186,34643.58785693766,0.0,5.2916620229101006e-11,1.070922526768663e-08
187,34861.642767032834,0.0,2.1227263340248096e-11,6.6983577805259504e-09
188,35081.07016614431,0.0,8.394231574515996e-12,2.971101030187622e-09
189,35301.87869304142,0.0,3.272254908410887e-12,1.7632452081839862e-09
190,35524.07704086816,0.0,1.2574392097957562e-12,7.877275733277833e-10
191,35747.67395748514,0.0,4.763160579266576e-13,4.523532576604216e-10
192,35972.67824581413,1.3471566467284529e-10,1.7785524397467495e-13,2.001550767551635e-10
193,36199.0987641844,3.4339287073470363e-10,6.546307850976466e-14,1.1320096596512512e-10
194,36426.944426681795,8.604632895525363e-10,2.3750881533283186e-14,4.8737449467411245e-11
195,36656.22420349946,2.1396017330393072e-09,8.493995753557036e-15,2.7640581737534927e-11
196,36886.94712129108,5.239382762325267e-09,2.9942561684125505e-15,1.1335419308073184e-11
197,37119.12226352624,1.2633555788510799e-08,1.040414139977425e-15,6.582367545513477e-12
198,37352.758770847875,3.0026404691223536e-08,3.5633611922804724e-16,2.534433234035404e-12
199,37587.86584143245,7.033610511914093e-08,1.202945156075288e-16,1.5268054798354645e-12
200,37824.45273135187,1.6238454523229402e-07,4.002767889746789e-17,5.921543638992508e-13
201,38062.528754937935,3.6949667224868847e-07,1.3128041309303443e-17,3.4406458522781364e-13
202,38302.10328514911,8.286677512061237e-07,4.243858435263374e-18,1.356072079314574e-13
203,38543.18575393927,1.8317117229131404e-06,1.3521966942163629e-18,7.498932506037385e-14
204,38785.785652629434,3.990665625331064e-06,4.2465241374909465e-19,3.039174901711454e-14
205,39029.91253228117,8.569377013635392e-06,1.314434350038074e-19,1.568439394915028e-14
206,39275.57600407267,1.8137376155396188e-05,4.0100770381770995e-20,6.64884510443667e-15
207,39522.78573967722,3.783782448907523e-05,1.2057911295989135e-20,3.1035557181891444e-15
208,39771.55147164371,7.780544222213396e-05,3.573502938499417e-21,1.4140301073822012e-15
209,40021.88299378016,0.00015770003813255631,1.043797191960167e-21,5.645024485281007e-16
210,40273.79016153907,0.000315063315169194,3.0049368383725753e-22,2.903539314349846e-16
211,40527.28289240551,0.0006204612311106977,8.526076444084634e-23,1.0458887327208132e-16
212,40782.37116628757,0.0012044510131535046,2.3842689177358542e-23,5.688431354784327e-17
213,41039.06502590904,0.0023047754317231735,6.5712949718231644e-24,2.1653405510584888e-17
214,41297.374577205206,0.004347512018228252,1.7849828283678874e-24,1.0393791569763704e-17
215,41557.309989720394,0.00808414013024549,4.778616698431761e-25,4.328811041246919e-18
216,41818.88149700854,0.014818914292050423,1.2608203560544246e-25,1.6823712609712562e-18
217,42082.09939703574,0.026779200821016407,3.2785736541360636e-26,8.245660573245389e-19
218,42346.974052586156,0.04770756240748795,8.402244491675113e-27,2.8949675431424377e-19
219,42613.51589166967,0.08379064737109022,2.12218042368491e-27,1.4582218535583754e-19
220,42881.735407932596,0.1450886794203403,5.282554113693219e-28,5.594235687541485e-20
221,43151.643161070504,0.2476924840941835,1.295920516909788e-28,2.2524316384062054e-20
222,43423.24977724441,0.4169134017514886,3.1331680671120445e-29,1.0206044261705555e-20
223,43696.56594949882,0.6919039814014053,7.465486941893297e-30,3.4740023085296894e-21
224,43971.60243818277,1.1322096459500057,1.7530728752251707e-30,1.6920550687737978e-21
225,44248.370071373545,1.826854554430531,4.05702318367062e-31,6.41051696367424e-22
226,44526.87974530269,2.906653628650485,9.252925253008856e-32,2.2973122153159996e-22
227,44807.14242478542,4.560495062880577,2.0797592501531776e-32,1.0919246891065185e-22
228,45089.169143652005,7.056324169524652,4.6068913198923705e-33,3.759383804372091e-23
229,45372.97100518224,10.767444438754922,1.0056856403654207e-33,1.594044587371482e-23
230,45658.559182542675,16.204496183972694,2.1635873809707834e-34,6.45518090871344e-24
231,45945.944919226145,24.053039997748797,4.5871517499286237e-35,2.0981795253577268e-24
232,46235.13952949494,35.21603392275177,9.584442559167643e-36,9.651994440194194e-25
233,46526.154398825885,50.859641519990525,1.9735327496554677e-36,3.5910036433456365e-25
234,46819.0009843587,72.45976470840571,4.00473905165292e-37,1.1261083125896962e-25
235,47113.690815347116,101.84552220322911,8.008574643530008e-38,5.358878952664833e-26
236,47410.235493612454,141.23470026905855,1.578287436096741e-38,1.9040142769826278e-26
237,47708.64669400088,193.255143620521,3.0652479901481344e-39,5.844962280412623e-27
238,48008.93616484273,260.94532669641706,5.8666825458010435e-40,2.7789845415476545e-27
239,48311.11572841516,347.72716665749687,1.106536784976759e-40,9.675341992936294e-28
240,48615.19728140731,457.34471913380816,2.056763171201837e-41,2.9410476389432577e-28
241,48921.192795389084,593.7639004607986,3.767443771358749e-42,1.3507241467458178e-28
242,49229.114317282234,761.0308833133188,6.800678689103717e-43,4.712938950860456e-29
243,49538.97396983475,963.0902678501493,1.2097612475982801e-43,1.434017882573316e-29
244,49850.78395209778,1203.5683361476495,2.1207427551331776e-44,6.093058871767899e-30
245,50164.556539906465,1485.531291801574,3.663668977659055e-45,2.1883409670580764e-30
246,50480.304086362834,1811.2328659426198,6.2371099221300465e-46,6.749600117943086e-31
247,50798.039022322264,2181.8694399117758,1.0463778853119482e-46,2.4689981832409035e-31
248,51117.77385688296,2597.3632807171894,1.7299388827917765e-47,9.542535628035775e-32
249,51439.52117787806,3056.1950714958707,2.818442069685545e-48,3.0389761035192553e-32
250,51763.29365237177,3555.3052819912564,4.525043129174226e-49,8.836757000376798e-33
251,52089.10402715771,4090.079956413866,7.15930267822673e-50,3.771333023872145e-33
252,52416.965129260774,4654.43039936319,1.1162263441544886e-50,1.2838167237880939e-33
253,52746.889866442325,5240.968531601054,1.7150094925215717e-51,3.866522525542307e-34
254,53078.891227707914,5841.271153754008,2.596645690826476e-52,1.2204126348996776e-34
255,53412.982283819234,6446.217961214518,3.8742708285553145e-53,4.865447330955097e-35
